[{"model": "auth.permission", "pk": 1, "fields": {"name": "Can add log entry", "content_type": 1, "codename": "add_logentry"}}, {"model": "auth.permission", "pk": 2, "fields": {"name": "Can change log entry", "content_type": 1, "codename": "change_logentry"}}, {"model": "auth.permission", "pk": 3, "fields": {"name": "Can delete log entry", "content_type": 1, "codename": "delete_logentry"}}, {"model": "auth.permission", "pk": 4, "fields": {"name": "Can view log entry", "content_type": 1, "codename": "view_logentry"}}, {"model": "auth.permission", "pk": 5, "fields": {"name": "Can add permission", "content_type": 2, "codename": "add_permission"}}, {"model": "auth.permission", "pk": 6, "fields": {"name": "Can change permission", "content_type": 2, "codename": "change_permission"}}, {"model": "auth.permission", "pk": 7, "fields": {"name": "Can delete permission", "content_type": 2, "codename": "delete_permission"}}, {"model": "auth.permission", "pk": 8, "fields": {"name": "Can view permission", "content_type": 2, "codename": "view_permission"}}, {"model": "auth.permission", "pk": 9, "fields": {"name": "Can add group", "content_type": 3, "codename": "add_group"}}, {"model": "auth.permission", "pk": 10, "fields": {"name": "Can change group", "content_type": 3, "codename": "change_group"}}, {"model": "auth.permission", "pk": 11, "fields": {"name": "Can delete group", "content_type": 3, "codename": "delete_group"}}, {"model": "auth.permission", "pk": 12, "fields": {"name": "Can view group", "content_type": 3, "codename": "view_group"}}, {"model": "auth.permission", "pk": 13, "fields": {"name": "Can add content type", "content_type": 4, "codename": "add_contenttype"}}, {"model": "auth.permission", "pk": 14, "fields": {"name": "Can change content type", "content_type": 4, "codename": "change_contenttype"}}, {"model": "auth.permission", "pk": 15, "fields": {"name": "Can delete content type", "content_type": 4, "codename": "delete_contenttype"}}, {"model": "auth.permission", "pk": 16, "fields": {"name": "Can view content type", "content_type": 4, "codename": "view_contenttype"}}, {"model": "auth.permission", "pk": 17, "fields": {"name": "Can add session", "content_type": 5, "codename": "add_session"}}, {"model": "auth.permission", "pk": 18, "fields": {"name": "Can change session", "content_type": 5, "codename": "change_session"}}, {"model": "auth.permission", "pk": 19, "fields": {"name": "Can delete session", "content_type": 5, "codename": "delete_session"}}, {"model": "auth.permission", "pk": 20, "fields": {"name": "Can view session", "content_type": 5, "codename": "view_session"}}, {"model": "auth.permission", "pk": 21, "fields": {"name": "Can add category", "content_type": 6, "codename": "add_category"}}, {"model": "auth.permission", "pk": 22, "fields": {"name": "Can change category", "content_type": 6, "codename": "change_category"}}, {"model": "auth.permission", "pk": 23, "fields": {"name": "Can delete category", "content_type": 6, "codename": "delete_category"}}, {"model": "auth.permission", "pk": 24, "fields": {"name": "Can view category", "content_type": 6, "codename": "view_category"}}, {"model": "auth.permission", "pk": 25, "fields": {"name": "Can add contact card", "content_type": 7, "codename": "add_contactcard"}}, {"model": "auth.permission", "pk": 26, "fields": {"name": "Can change contact card", "content_type": 7, "codename": "change_contactcard"}}, {"model": "auth.permission", "pk": 27, "fields": {"name": "Can delete contact card", "content_type": 7, "codename": "delete_contactcard"}}, {"model": "auth.permission", "pk": 28, "fields": {"name": "Can view contact card", "content_type": 7, "codename": "view_contactcard"}}, {"model": "auth.permission", "pk": 29, "fields": {"name": "Can add trendy product", "content_type": 8, "codename": "add_trendyproduct"}}, {"model": "auth.permission", "pk": 30, "fields": {"name": "Can change trendy product", "content_type": 8, "codename": "change_trendyproduct"}}, {"model": "auth.permission", "pk": 31, "fields": {"name": "Can delete trendy product", "content_type": 8, "codename": "delete_trendyproduct"}}, {"model": "auth.permission", "pk": 32, "fields": {"name": "Can view trendy product", "content_type": 8, "codename": "view_trendyproduct"}}, {"model": "auth.permission", "pk": 33, "fields": {"name": "Can add top slider product", "content_type": 9, "codename": "add_topsliderproduct"}}, {"model": "auth.permission", "pk": 34, "fields": {"name": "Can change top slider product", "content_type": 9, "codename": "change_topsliderproduct"}}, {"model": "auth.permission", "pk": 35, "fields": {"name": "Can delete top slider product", "content_type": 9, "codename": "delete_topsliderproduct"}}, {"model": "auth.permission", "pk": 36, "fields": {"name": "Can view top slider product", "content_type": 9, "codename": "view_topsliderproduct"}}, {"model": "auth.permission", "pk": 37, "fields": {"name": "Can add product", "content_type": 10, "codename": "add_product"}}, {"model": "auth.permission", "pk": 38, "fields": {"name": "Can change product", "content_type": 10, "codename": "change_product"}}, {"model": "auth.permission", "pk": 39, "fields": {"name": "Can delete product", "content_type": 10, "codename": "delete_product"}}, {"model": "auth.permission", "pk": 40, "fields": {"name": "Can view product", "content_type": 10, "codename": "view_product"}}, {"model": "auth.permission", "pk": 41, "fields": {"name": "Can add hot slider product", "content_type": 11, "codename": "add_hotsliderproduct"}}, {"model": "auth.permission", "pk": 42, "fields": {"name": "Can change hot slider product", "content_type": 11, "codename": "change_hotsliderproduct"}}, {"model": "auth.permission", "pk": 43, "fields": {"name": "Can delete hot slider product", "content_type": 11, "codename": "delete_hotsliderproduct"}}, {"model": "auth.permission", "pk": 44, "fields": {"name": "Can view hot slider product", "content_type": 11, "codename": "view_hotsliderproduct"}}, {"model": "auth.permission", "pk": 45, "fields": {"name": "Can add user", "content_type": 12, "codename": "add_shopuser"}}, {"model": "auth.permission", "pk": 46, "fields": {"name": "Can change user", "content_type": 12, "codename": "change_shopuser"}}, {"model": "auth.permission", "pk": 47, "fields": {"name": "Can delete user", "content_type": 12, "codename": "delete_shopuser"}}, {"model": "auth.permission", "pk": 48, "fields": {"name": "Can view user", "content_type": 12, "codename": "view_shopuser"}}, {"model": "auth.permission", "pk": 49, "fields": {"name": "Can add shop user profile", "content_type": 13, "codename": "add_shopuserprofile"}}, {"model": "auth.permission", "pk": 50, "fields": {"name": "Can change shop user profile", "content_type": 13, "codename": "change_shopuserprofile"}}, {"model": "auth.permission", "pk": 51, "fields": {"name": "Can delete shop user profile", "content_type": 13, "codename": "delete_shopuserprofile"}}, {"model": "auth.permission", "pk": 52, "fields": {"name": "Can view shop user profile", "content_type": 13, "codename": "view_shopuserprofile"}}, {"model": "auth.permission", "pk": 53, "fields": {"name": "Can add basket", "content_type": 14, "codename": "add_basket"}}, {"model": "auth.permission", "pk": 54, "fields": {"name": "Can change basket", "content_type": 14, "codename": "change_basket"}}, {"model": "auth.permission", "pk": 55, "fields": {"name": "Can delete basket", "content_type": 14, "codename": "delete_basket"}}, {"model": "auth.permission", "pk": 56, "fields": {"name": "Can view basket", "content_type": 14, "codename": "view_basket"}}, {"model": "auth.permission", "pk": 57, "fields": {"name": "Can add association", "content_type": 15, "codename": "add_association"}}, {"model": "auth.permission", "pk": 58, "fields": {"name": "Can change association", "content_type": 15, "codename": "change_association"}}, {"model": "auth.permission", "pk": 59, "fields": {"name": "Can delete association", "content_type": 15, "codename": "delete_association"}}, {"model": "auth.permission", "pk": 60, "fields": {"name": "Can view association", "content_type": 15, "codename": "view_association"}}, {"model": "auth.permission", "pk": 61, "fields": {"name": "Can add code", "content_type": 16, "codename": "add_code"}}, {"model": "auth.permission", "pk": 62, "fields": {"name": "Can change code", "content_type": 16, "codename": "change_code"}}, {"model": "auth.permission", "pk": 63, "fields": {"name": "Can delete code", "content_type": 16, "codename": "delete_code"}}, {"model": "auth.permission", "pk": 64, "fields": {"name": "Can view code", "content_type": 16, "codename": "view_code"}}, {"model": "auth.permission", "pk": 65, "fields": {"name": "Can add nonce", "content_type": 17, "codename": "add_nonce"}}, {"model": "auth.permission", "pk": 66, "fields": {"name": "Can change nonce", "content_type": 17, "codename": "change_nonce"}}, {"model": "auth.permission", "pk": 67, "fields": {"name": "Can delete nonce", "content_type": 17, "codename": "delete_nonce"}}, {"model": "auth.permission", "pk": 68, "fields": {"name": "Can view nonce", "content_type": 17, "codename": "view_nonce"}}, {"model": "auth.permission", "pk": 69, "fields": {"name": "Can add user social auth", "content_type": 18, "codename": "add_usersocialauth"}}, {"model": "auth.permission", "pk": 70, "fields": {"name": "Can change user social auth", "content_type": 18, "codename": "change_usersocialauth"}}, {"model": "auth.permission", "pk": 71, "fields": {"name": "Can delete user social auth", "content_type": 18, "codename": "delete_usersocialauth"}}, {"model": "auth.permission", "pk": 72, "fields": {"name": "Can view user social auth", "content_type": 18, "codename": "view_usersocialauth"}}, {"model": "auth.permission", "pk": 73, "fields": {"name": "Can add partial", "content_type": 19, "codename": "add_partial"}}, {"model": "auth.permission", "pk": 74, "fields": {"name": "Can change partial", "content_type": 19, "codename": "change_partial"}}, {"model": "auth.permission", "pk": 75, "fields": {"name": "Can delete partial", "content_type": 19, "codename": "delete_partial"}}, {"model": "auth.permission", "pk": 76, "fields": {"name": "Can view partial", "content_type": 19, "codename": "view_partial"}}, {"model": "auth.permission", "pk": 77, "fields": {"name": "Can add \u0437\u0430\u043a\u0430\u0437", "content_type": 20, "codename": "add_order"}}, {"model": "auth.permission", "pk": 78, "fields": {"name": "Can change \u0437\u0430\u043a\u0430\u0437", "content_type": 20, "codename": "change_order"}}, {"model": "auth.permission", "pk": 79, "fields": {"name": "Can delete \u0437\u0430\u043a\u0430\u0437", "content_type": 20, "codename": "delete_order"}}, {"model": "auth.permission", "pk": 80, "fields": {"name": "Can view \u0437\u0430\u043a\u0430\u0437", "content_type": 20, "codename": "view_order"}}, {"model": "auth.permission", "pk": 81, "fields": {"name": "Can add order item", "content_type": 21, "codename": "add_orderitem"}}, {"model": "auth.permission", "pk": 82, "fields": {"name": "Can change order item", "content_type": 21, "codename": "change_orderitem"}}, {"model": "auth.permission", "pk": 83, "fields": {"name": "Can delete order item", "content_type": 21, "codename": "delete_orderitem"}}, {"model": "auth.permission", "pk": 84, "fields": {"name": "Can view order item", "content_type": 21, "codename": "view_orderitem"}}, {"model": "sessions.session", "pk": "2a3h8ozhl4yjht62v6tgs6smqozfr0do", "fields": {"session_data": "MzAwYWMyYmVlZGFjNjk0YWYyNjU3YTBlOTNiOTYwODQ3NmQ1MmYzNTp7Im5leHQiOiIvIiwiZ29vZ2xlLW9hdXRoMl9zdGF0ZSI6IllPR3VmZ0Fsb2U1WTRFZTFtZUl4OHVLNmEyR2dtMDlPIiwiX2F1dGhfdXNlcl9pZCI6IjMiLCJfYXV0aF91c2VyX2JhY2tlbmQiOiJzb2NpYWxfY29yZS5iYWNrZW5kcy5nb29nbGUuR29vZ2xlT0F1dGgyIiwiX2F1dGhfdXNlcl9oYXNoIjoiNmI5MzcyNzQyYmYwNTU0ZjY2ZDVkYWQwMGFlZTVlOGFmZTExYjA0YSIsInNvY2lhbF9hdXRoX2xhc3RfbG9naW5fYmFja2VuZCI6Imdvb2dsZS1vYXV0aDIifQ==", "expire_date": "2019-09-12T08:11:18.528Z"}}, {"model": "sessions.session", "pk": "ckm41ug27adhoibulj4qet3icnaeo9wf", "fields": {"session_data": "ZjQ5NzYzMjAwNTUyMmZkMDEwNWQ1OTE5MDdkY2U4NmY2ZDRmYjFhNjp7Il9hdXRoX3VzZXJfaWQiOiIxIiwiX2F1dGhfdXNlcl9iYWNrZW5kIjoiZGphbmdvLmNvbnRyaWIuYXV0aC5iYWNrZW5kcy5Nb2RlbEJhY2tlbmQiLCJfYXV0aF91c2VyX2hhc2giOiIzZjZmMDUyOThjMTIxZWVlNzA3NjQ1NWNkMTBjMmQ1MDZlZGQ4Yjk3In0=", "expire_date": "2019-09-10T21:04:04.797Z"}}, {"model": "sessions.session", "pk": "gt384zgbvkl82dzmpnfym08kpxhojvx3", "fields": {"session_data": "ZjQ5NzYzMjAwNTUyMmZkMDEwNWQ1OTE5MDdkY2U4NmY2ZDRmYjFhNjp7Il9hdXRoX3VzZXJfaWQiOiIxIiwiX2F1dGhfdXNlcl9iYWNrZW5kIjoiZGphbmdvLmNvbnRyaWIuYXV0aC5iYWNrZW5kcy5Nb2RlbEJhY2tlbmQiLCJfYXV0aF91c2VyX2hhc2giOiIzZjZmMDUyOThjMTIxZWVlNzA3NjQ1NWNkMTBjMmQ1MDZlZGQ4Yjk3In0=", "expire_date": "2019-09-19T11:32:12.527Z"}}, {"model": "sessions.session", "pk": "o3xht53g72gdcc0cdl9feaj2349o2vj4", "fields": {"session_data": "ZjQ5NzYzMjAwNTUyMmZkMDEwNWQ1OTE5MDdkY2U4NmY2ZDRmYjFhNjp7Il9hdXRoX3VzZXJfaWQiOiIxIiwiX2F1dGhfdXNlcl9iYWNrZW5kIjoiZGphbmdvLmNvbnRyaWIuYXV0aC5iYWNrZW5kcy5Nb2RlbEJhY2tlbmQiLCJfYXV0aF91c2VyX2hhc2giOiIzZjZmMDUyOThjMTIxZWVlNzA3NjQ1NWNkMTBjMmQ1MDZlZGQ4Yjk3In0=", "expire_date": "2019-09-15T08:24:37.796Z"}}, {"model": "sessions.session", "pk": "rj7e9fw682akpnql1qpj79rkgmvst16s", "fields": {"session_data": "ZjQ5NzYzMjAwNTUyMmZkMDEwNWQ1OTE5MDdkY2U4NmY2ZDRmYjFhNjp7Il9hdXRoX3VzZXJfaWQiOiIxIiwiX2F1dGhfdXNlcl9iYWNrZW5kIjoiZGphbmdvLmNvbnRyaWIuYXV0aC5iYWNrZW5kcy5Nb2RlbEJhY2tlbmQiLCJfYXV0aF91c2VyX2hhc2giOiIzZjZmMDUyOThjMTIxZWVlNzA3NjQ1NWNkMTBjMmQ1MDZlZGQ4Yjk3In0=", "expire_date": "2019-09-12T18:46:38.945Z"}}, {"model": "mainapp.category", "pk": 1, "fields": {"name": "Steel", "image": "products/product_s_1.jpg"}}, {"model": "mainapp.category", "pk": 2, "fields": {"name": "Wooden", "image": "products/product_w_1.jpg"}}, {"model": "mainapp.category", "pk": 3, "fields": {"name": "Trendy", "image": "products/product-4.jpg"}}, {"model": "mainapp.product", "pk": 0, "fields": {"name": "\u041a\u043e\u043c\u0444\u043e\u0440\u0442\u043d\u044b\u0439 \u0434\u0438\u0432\u0430\u043d", "description": "\u0421\u0435\u043a\u0432\u043e\u0439\u044f. \u041d\u0430\u0442\u0443\u0440\u0430\u043b\u044c\u043d\u0430\u044f \u043a\u043e\u0436\u0430. \u0412\u044b \u0437\u0430\u0441\u043b\u0443\u0436\u0438\u0432\u0430\u0435\u0442\u0435 \u0435\u0433\u043e", "price": 3899, "rating": 1, "alt": "\u0422\u0435\u043a\u0441\u0442 \u043f\u043e \u0443\u043c\u043e\u043b\u0447\u0430\u043d\u0438\u044e", "category": 3, "image": "products/product_t_4.jpg", "isTrendy": false, "isTopSlider": false, "SlideNo": null, "isHot": false, "imageHot": "", "SlideHotNo": null, "isNew": false, "quantity": 1, "isActive": true}}, {"model": "mainapp.product", "pk": 1, "fields": {"name": "\u0421\u0442\u0430\u043b\u044c\u043d\u043e\u0439 \u0441\u0442\u0435\u043b\u043b\u0430\u0436", "description": "\u041e\u0440\u0438\u0433\u0438\u043d\u0430\u043b\u044c\u043d\u044b\u0439 \u043c\u0438\u043d\u0438\u043c\u0430\u043b\u0438\u0441\u0442\u0438\u0447\u043d\u044b\u0439 \u0441\u0442\u0430\u043b\u044c\u043d\u043e\u0439 \u0441\u0442\u0435\u043b\u043b\u0430\u0436 \u0432 \u0441\u0442\u0438\u043b\u0435 \u043b\u043e\u0444\u0442", "price": 2499, "rating": 1, "alt": "\u0413\u0434\u0435 \u043e\u0442\u043e\u0431\u0440\u0430\u0436\u0430\u0435\u0442\u0441\u044f \u044d\u0442\u043e\u0442 \u0442\u0435\u043a\u0441\u0442?", "category": 1, "image": "products/product_s_1.jpg", "isTrendy": false, "isTopSlider": false, "SlideNo": null, "isHot": false, "imageHot": "", "SlideHotNo": null, "isNew": false, "quantity": 2, "isActive": true}}, {"model": "mainapp.product", "pk": 2, "fields": {"name": "\u0421\u0442\u0430\u043b\u044c\u043d\u043e\u0439 \u043a\u043e\u0444\u0435\u0439\u043d\u044b\u0439 \u0441\u0442\u043e\u043b\u0438\u043a", "description": "\u0421\u0442\u0438\u043b\u044c\u043d\u044b\u0439 \u043a\u043e\u0444\u0435\u0439\u043d\u044b\u0439 \u0441\u0442\u043e\u043b\u0438\u043a, \u0432\u044b\u043f\u043e\u043b\u043d\u0435\u043d\u043d\u044b\u0439 \u0438\u0437 \u043c\u0435\u0442\u0430\u043b\u043b\u0430 \u0432 \u0441\u0442\u0438\u043b\u0435 \u043b\u043e\u0444\u0442", "price": 2259, "rating": 1, "alt": "\u0422\u0435\u043a\u0441\u0442 \u0440\u0438\u0441\u0443\u043d\u043a\u0430", "category": 1, "image": "products/product_s_2.jpg", "isTrendy": false, "isTopSlider": false, "SlideNo": null, "isHot": false, "imageHot": "", "SlideHotNo": null, "isNew": false, "quantity": 2, "isActive": true}}, {"model": "mainapp.product", "pk": 3, "fields": {"name": "\u0421\u0442\u0430\u043b\u044c\u043d\u043e\u0439 \u0431\u0430\u0440\u043d\u044b\u0439 \u0441\u0442\u0443\u043b", "description": "\u0422\u0430\u043a\u043e\u0439 \u0441\u0442\u0443\u043b \u0441\u0442\u0430\u043d\u0435\u0442 \u043e\u0442\u043b\u0438\u0447\u043d\u044b\u043c \u0434\u043e\u043f\u043e\u043b\u043d\u0435\u043d\u0438\u0435\u043c \u043a \u043e\u0440\u0438\u0433\u0438\u043d\u0430\u043b\u044c\u043d\u043e\u043c\u0443 \u0438\u043d\u0442\u0435\u0440\u044c\u0435\u0440\u0443", "price": 1799, "rating": 1, "alt": "\u0422\u0435\u043a\u0441\u0442 \u043f\u043e \u0443\u043c\u043e\u043b\u0447\u0430\u043d\u0438\u044e", "category": 1, "image": "products/product_s_3.jpg", "isTrendy": false, "isTopSlider": false, "SlideNo": null, "isHot": false, "imageHot": "", "SlideHotNo": null, "isNew": false, "quantity": 3, "isActive": true}}, {"model": "mainapp.product", "pk": 4, "fields": {"name": "\u0421\u0442\u0435\u043a\u043b\u044f\u043d\u043d\u044b\u0439 \u0441\u0442\u043e\u043b\u0438\u043a", "description": "\u0421\u0442\u0430\u043b\u044c\u043d\u043e\u0439 \u0441\u0442\u043e\u043b\u0438\u043a \u0441\u043e \u0441\u0442\u0435\u043a\u043b\u044f\u043d\u043d\u043e\u0439 \u0441\u0442\u043e\u043b\u0435\u0448\u043d\u0438\u0446\u0435\u0439 \u043f\u043e\u0437\u0432\u043e\u043b\u0438\u0442 \u0412\u0430\u043c \u0437\u0430\u0432\u0442\u0440\u0430\u043a\u0430\u0442\u044c \u043a\u0440\u0430\u0441\u0438\u0432\u043e", "price": 1899, "rating": 1, "alt": "\u0422\u0435\u043a\u0441\u0442 \u043f\u043e \u0443\u043c\u043e\u043b\u0447\u0430\u043d\u0438\u044e", "category": 1, "image": "products/product_s_4.jpg", "isTrendy": false, "isTopSlider": false, "SlideNo": null, "isHot": false, "imageHot": "", "SlideHotNo": null, "isNew": false, "quantity": 18, "isActive": true}}, {"model": "mainapp.product", "pk": 5, "fields": {"name": "\u0411\u0443\u0434\u0438\u043b\u044c\u043d\u0438\u043a", "description": "\u0414\u043b\u044f \u043f\u0443\u043d\u043a\u0442\u0443\u0430\u043b\u044c\u043d\u044b\u0445 \u0438 \u0440\u0430\u0441\u0447\u0435\u0442\u043b\u0438\u0432\u044b\u0445 \u043b\u044e\u0434\u0435\u0439. \u0412\u044b\u043f\u043e\u043b\u043d\u0435\u043d \u0438\u0437 \u0441\u043f\u043b\u0430\u0432\u0430 \u043d\u0438\u043a\u0435\u043b\u044f \u0438 \u0445\u0440\u043e\u043c\u0430", "price": 899, "rating": 1, "alt": "\u0422\u0435\u043a\u0441\u0442 \u043f\u043e \u0443\u043c\u043e\u043b\u0447\u0430\u043d\u0438\u044e", "category": 1, "image": "products/product_s_5.jpg", "isTrendy": false, "isTopSlider": false, "SlideNo": null, "isHot": true, "imageHot": "products_hot/background_header_Nq0KEGg.jpg", "SlideHotNo": 5, "isNew": false, "quantity": 11, "isActive": true}}, {"model": "mainapp.product", "pk": 6, "fields": {"name": "\u0421\u0442\u0430\u043b\u044c\u043d\u043e\u0439 \u0441\u0432\u0435\u0442\u0438\u043b\u044c\u043d\u0438\u043a", "description": "\u041f\u0440\u0435\u043a\u0440\u0430\u0441\u043d\u044b\u0439 \u0441\u0432\u0435\u0442\u0438\u043b\u044c\u043d\u0438\u043a. \u0412\u044b\u0441\u043e\u0442\u0430 \u0438 \u043d\u0430\u043a\u043b\u043e\u043d \u0440\u0435\u0433\u0443\u043b\u0438\u0440\u0443\u044e\u0442\u0441\u044f, \u0432\u0441\u0442\u0440\u043e\u0435\u043d\u043e 4 \u0440\u0435\u0436\u0438\u043c\u0430 \u043e\u0441\u0432\u0435\u0449\u0435\u043d\u0438\u044f", "price": 2299, "rating": 1, "alt": "\u0422\u0435\u043a\u0441\u0442 \u043f\u043e \u0443\u043c\u043e\u043b\u0447\u0430\u043d\u0438\u044e", "category": 1, "image": "products/product_s_6.jpg", "isTrendy": false, "isTopSlider": false, "SlideNo": null, "isHot": true, "imageHot": "products/background_header_55Odd7X.jpg", "SlideHotNo": 3, "isNew": false, "quantity": 2, "isActive": true}}, {"model": "mainapp.product", "pk": 7, "fields": {"name": "\u041a\u043e\u043c\u0444\u043e\u0440\u0442\u043d\u043e\u0435 \u043a\u0440\u0435\u0441\u043b\u043e", "description": "\u0423\u0434\u043e\u0431\u043d\u0435\u0439\u0448\u0435\u0435 \u043a\u0440\u0435\u0441\u043b\u043e \u043f\u043e\u0437\u0432\u043e\u043b\u0438\u0442 \u0432\u043e\u0438\u0441\u0442\u0438\u043d\u0443 \u0440\u0430\u0441\u0441\u043b\u0430\u0431\u0438\u0442\u044c\u0441\u044f", "price": 2399, "rating": 1, "alt": "\u0422\u0435\u043a\u0441\u0442 \u043f\u043e \u0443\u043c\u043e\u043b\u0447\u0430\u043d\u0438\u044e", "category": 3, "image": "products/product_t_1.jpg", "isTrendy": false, "isTopSlider": false, "SlideNo": null, "isHot": true, "imageHot": "products/slider-hotdeal_UBXn3VX.jpg", "SlideHotNo": 2, "isNew": false, "quantity": 2, "isActive": true}}, {"model": "mainapp.product", "pk": 8, "fields": {"name": "\u041d\u0430\u0431\u043e\u0440 \u0441\u0432\u0435\u0442\u0438\u043b\u044c\u043d\u0438\u043a\u043e\u0432", "description": "\u041e\u0440\u0438\u0433\u0438\u043d\u0430\u043b\u044c\u043d\u044b\u0435 \u0438 \u0441\u0442\u0438\u043b\u044c\u043d\u044b\u0435", "price": 2799, "rating": 1, "alt": "\u0422\u0435\u043a\u0441\u0442 \u043f\u043e \u0443\u043c\u043e\u043b\u0447\u0430\u043d\u0438\u044e", "category": 3, "image": "products/product_t_2.jpg", "isTrendy": false, "isTopSlider": false, "SlideNo": null, "isHot": false, "imageHot": "", "SlideHotNo": null, "isNew": false, "quantity": 2, "isActive": true}}, {"model": "mainapp.product", "pk": 9, "fields": {"name": "\u041a\u0430\u043c\u0435\u043d\u043d\u044b\u0439 \u0441\u0442\u043e\u043b", "description": "\u042d\u0442\u043e\u0442 \u0441\u0442\u043e\u043b \u0441\u043e\u0437\u0434\u0430\u043d \u0434\u043b\u044f \u043d\u0430\u0441\u0442\u043e\u044f\u0449\u0438\u0445 \u043c\u0443\u0436\u0447\u0438\u043d \u0441 \u043f\u043e\u0438\u0441\u0442\u0438\u043d\u0435 \u0442\u0432\u0435\u0440\u0434\u044b\u043c \u0445\u0430\u0440\u0430\u043a\u0442\u0435\u0440\u043e\u043c. \u0421\u0442\u043e\u043b\u0435\u0448\u043d\u0438\u0446\u0430 \u0432\u044b\u043f\u043e\u043b\u043d\u0435\u043d\u0430 \u0438\u0437 \u0446\u0435\u043b\u044c\u043d\u043e\u0433\u043e \u0433\u0440\u0430\u043d\u0438\u0442\u0430 - \u044d\u0442\u043e \u043d\u0435 \u043f\u043e\u0437\u0432\u043e\u043b\u0438\u0442 \u0443\u0441\u043e\u043c\u043d\u0438\u0442\u044c\u0441\u044f \u0432 \u0412\u0430\u0448\u0435\u0439 \u043d\u0435\u043f\u0440\u0435\u043a\u043b\u043e\u043d\u043d\u043e\u0441\u0442\u0438 \u0434\u0430\u0436\u0435 \u043d\u0430 \u0441\u0435\u043a\u0443\u043d\u0434\u0443", "price": 2899, "rating": 1, "alt": "\u0422\u0435\u043a\u0441\u0442 \u043f\u043e \u0443\u043c\u043e\u043b\u0447\u0430\u043d\u0438\u044e", "category": 3, "image": "products/product_t_3.jpg", "isTrendy": false, "isTopSlider": false, "SlideNo": null, "isHot": false, "imageHot": "", "SlideHotNo": null, "isNew": false, "quantity": 1, "isActive": true}}, {"model": "mainapp.product", "pk": 11, "fields": {"name": "\u0421\u0432\u0435\u0442\u0438\u043b\u044c\u043d\u0438\u043a \u043d\u0430 6 \u043b\u0430\u043c\u043f", "description": "\u041c\u0443\u0437\u043e\u0439 \u043f\u0440\u0438 \u0441\u043e\u0437\u0434\u0430\u043d\u0438\u0438 \u044d\u0442\u043e\u0433\u043e \u0441\u0432\u0435\u0442\u0438\u043b\u044c\u043d\u0438\u043a\u0430 \u043f\u043e\u0441\u043b\u0443\u0436\u0438\u043b\u0430 \u043e\u0440\u0445\u0438\u0434\u0435\u044f \u0424\u0430\u043b\u0435\u043d\u043e\u043f\u0441\u0438\u0441 - \u043f\u0440\u0435\u043a\u0440\u0430\u0441\u043d\u0435\u0439\u0448\u0438\u0439 \u0446\u0432\u0435\u0442\u043e\u043a, \u0432\u0434\u043e\u0445\u043d\u043e\u0432\u043b\u044f\u044e\u0449\u0438\u0439 \u0438 \u0447\u0430\u0440\u0443\u044e\u0449\u0438\u0439", "price": 3219, "rating": 1, "alt": "\u0422\u0435\u043a\u0441\u0442 \u043f\u043e \u0443\u043c\u043e\u043b\u0447\u0430\u043d\u0438\u044e", "category": 3, "image": "products/product_t_5.jpg", "isTrendy": false, "isTopSlider": false, "SlideNo": null, "isHot": false, "imageHot": "", "SlideHotNo": null, "isNew": false, "quantity": 1, "isActive": true}}, {"model": "mainapp.product", "pk": 12, "fields": {"name": "\u041f\u043e\u0434\u0443\u0448\u043a\u0438 - \u043a\u0440\u0435\u0441\u043b\u0430", "description": "\u0412\u044f\u0437\u0430\u043d\u044b\u0435 \u0438\u0437 \u0448\u0435\u0440\u0441\u0442\u0438 \u043c\u0435\u0440\u0438\u043d\u043e\u0441\u0430, \u043f\u043e\u0434\u0443\u0448\u043a\u0438-\u043a\u0440\u0435\u0441\u043b\u0430 \u043f\u043e\u0434\u0430\u0440\u044f\u0442 \u0412\u0430\u043c \u043c\u044f\u0433\u043a\u043e\u0441\u0442\u044c \u0438 \u0443\u044e\u0442", "price": 899, "rating": 1, "alt": "\u041f\u043e\u0434\u0443\u0448\u043a\u0438 - \u043a\u0440\u0435\u0441\u043b\u0430", "category": 3, "image": "products/product_t_6.jpg", "isTrendy": false, "isTopSlider": false, "SlideNo": null, "isHot": true, "imageHot": "products/background_header.jpg", "SlideHotNo": 1, "isNew": false, "quantity": 1, "isActive": true}}, {"model": "mainapp.product", "pk": 13, "fields": {"name": "\u0414\u0435\u0440\u0435\u0432\u044f\u043d\u043d\u044b\u0435 \u043f\u043e\u0434\u0441\u0442\u0430\u0432\u043a\u0438", "description": "\u041f\u043e\u0434\u0441\u0442\u0430\u0432\u043a\u0438 \u0434\u043b\u044f \u043f\u043e\u0441\u0443\u0434\u044b \u0432 \u0432\u0438\u0434\u0435 \u043f\u043e\u0434\u0434\u043e\u043d\u043e\u0432", "price": 199, "rating": 1, "alt": "\u0422\u0435\u043a\u0441\u0442 \u043f\u043e \u0443\u043c\u043e\u043b\u0447\u0430\u043d\u0438\u044e", "category": 2, "image": "products/product_w_1.jpg", "isTrendy": false, "isTopSlider": false, "SlideNo": null, "isHot": true, "imageHot": "products/slider-hotdeal_HQjH0gk.jpg", "SlideHotNo": 4, "isNew": false, "quantity": 1, "isActive": true}}, {"model": "mainapp.product", "pk": 14, "fields": {"name": "\u041a\u0430\u0440\u0442\u0438\u043d\u0430 \u043b\u0435\u0441\u043d\u0438\u043a\u0430", "description": "\u041a\u0430\u0440\u0442\u0438\u043d\u0430 \u043d\u0430 \u0434\u0435\u0440\u0435\u0432\u0435, \u0432\u044b\u043f\u043e\u043b\u043d\u0435\u043d\u043d\u0430\u044f \u0432\u044b\u0436\u0438\u0433\u0430\u0442\u0435\u043b\u0435\u043c", "price": 1599, "rating": 1, "alt": "\u0422\u0435\u043a\u0441\u0442 \u043f\u043e \u0443\u043c\u043e\u043b\u0447\u0430\u043d\u0438\u044e", "category": 2, "image": "products/product_w_2.jpg", "isTrendy": false, "isTopSlider": false, "SlideNo": null, "isHot": false, "imageHot": "", "SlideHotNo": null, "isNew": false, "quantity": 1, "isActive": true}}, {"model": "mainapp.product", "pk": 15, "fields": {"name": "\u0414\u0435\u0440\u0435\u0432\u044f\u043d\u043d\u044b\u0435 \u0447\u0430\u0441\u044b", "description": "\u041e\u0441\u0432\u0435\u0436\u0430\u0442 \u0438\u043d\u0442\u0435\u0440\u044c\u0435\u0440", "price": 499, "rating": 1, "alt": "\u0422\u0435\u043a\u0441\u0442 \u043f\u043e \u0443\u043c\u043e\u043b\u0447\u0430\u043d\u0438\u044e", "category": 2, "image": "products/product_w_3.jpg", "isTrendy": false, "isTopSlider": false, "SlideNo": null, "isHot": false, "imageHot": "", "SlideHotNo": null, "isNew": false, "quantity": 2, "isActive": true}}, {"model": "mainapp.product", "pk": 16, "fields": {"name": "\u0421\u0432\u0435\u0442\u0438\u043b\u044c\u043d\u0438\u043a \u043d\u0430 \u0432\u0435\u0442\u0432\u044f\u0445", "description": "\u0414\u0438\u0437\u0430\u0439\u043d\u0435\u0440\u0441\u043a\u0438\u0439 \u0441\u0432\u0435\u0442\u0438\u043b\u044c\u043d\u0438\u043a, \u0441\u0442\u043e\u044f\u0449\u0438\u0439 \u043d\u0430 \u043c\u043e\u043b\u043e\u0434\u044b\u0445 \u0432\u0435\u0442\u0432\u044f\u0445 \u0441\u0430\u043a\u0443\u0440\u044b", "price": 2159, "rating": 1, "alt": "\u0422\u0435\u043a\u0441\u0442 \u043f\u043e \u0443\u043c\u043e\u043b\u0447\u0430\u043d\u0438\u044e", "category": 2, "image": "products/product_w_4.jpg", "isTrendy": false, "isTopSlider": false, "SlideNo": null, "isHot": false, "imageHot": "", "SlideHotNo": null, "isNew": false, "quantity": 2, "isActive": true}}, {"model": "mainapp.product", "pk": 17, "fields": {"name": "\u0414\u0435\u0440\u0435\u0432\u044f\u043d\u043d\u044b\u0439 \u0441\u0442\u0443\u043b", "description": "\u041e\u0447\u0435\u043d\u044c \u043b\u0451\u0433\u043a\u0438\u0439 \u0438 \u0432 \u0442\u043e \u0436\u0435 \u0432\u0440\u0435\u043c\u044f \u043d\u0435\u0432\u0435\u0440\u043e\u044f\u0442\u043d\u043e \u043f\u0440\u043e\u0447\u043d\u044b\u0439", "price": 799, "rating": 1, "alt": "\u0422\u0435\u043a\u0441\u0442 \u043f\u043e \u0443\u043c\u043e\u043b\u0447\u0430\u043d\u0438\u044e", "category": 2, "image": "products/product_w_5.jpg", "isTrendy": false, "isTopSlider": false, "SlideNo": null, "isHot": false, "imageHot": "", "SlideHotNo": null, "isNew": false, "quantity": 2, "isActive": true}}, {"model": "mainapp.product", "pk": 18, "fields": {"name": "\u041a\u043b\u0430\u0441\u0441\u0438\u0447\u0435\u0441\u043a\u0438\u0439 \u0441\u0432\u0435\u0442\u0438\u043b\u044c\u043d\u0438\u043a", "description": "\u041d\u0430\u043f\u043e\u043b\u044c\u043d\u044b\u0439 \u043a\u043b\u0430\u0441\u0441\u0438\u0447\u0435\u0441\u043a\u0438\u0439 \u0441\u0432\u0435\u0442\u0438\u043b\u044c\u043d\u0438\u043a \u0432 \u0441\u0442\u0438\u043b\u0435 \u0431\u0430\u0440\u043e\u043a\u043a\u043e", "price": 1199, "rating": 1, "alt": "\u0422\u0435\u043a\u0441\u0442 \u043f\u043e \u0443\u043c\u043e\u043b\u0447\u0430\u043d\u0438\u044e", "category": 2, "image": "products/product_w_6.jpg", "isTrendy": false, "isTopSlider": false, "SlideNo": null, "isHot": false, "imageHot": "", "SlideHotNo": null, "isNew": true, "quantity": 4, "isActive": true}}, {"model": "mainapp.product", "pk": 19, "fields": {"name": "CERAMIC BOWL", "description": "Lorem ipsum dolor sit amet, consectetur adipisicing elit. Quia dolorum ex fugit fuga voluptates dolor.", "price": 999, "rating": 1, "alt": "\u041c\u0438\u0441\u043a\u0430 \u0441\u043e \u0448\u0442\u0443\u043a\u043e\u0439.", "category": 3, "image": "products/product-5_s.jpg", "isTrendy": true, "isTopSlider": true, "SlideNo": 1, "isHot": false, "imageHot": "", "SlideHotNo": null, "isNew": true, "quantity": 32, "isActive": true}}, {"model": "mainapp.product", "pk": 20, "fields": {"name": "WALL SHADE", "description": "Lorem ipsum dolor sit amet, consectetur adipisicing elit. Quia dolorum ex fugit fuga voluptates dolor.", "price": 1111, "rating": 1, "alt": "Alt text", "category": 3, "image": "products/product-2-sm_IA4hX9f.jpg", "isTrendy": true, "isTopSlider": true, "SlideNo": 2, "isHot": false, "imageHot": "", "SlideHotNo": null, "isNew": true, "quantity": 2, "isActive": true}}, {"model": "mainapp.product", "pk": 21, "fields": {"name": "FLOOR LAMP", "description": "Lorem ipsum dolor sit amet, consectetur adipisicing elit. Quia dolorum ex fugit fuga voluptates dolor.", "price": 888, "rating": 1, "alt": "Alt text", "category": 3, "image": "products/product-1_L5ekEbD.jpg", "isTrendy": true, "isTopSlider": true, "SlideNo": 3, "isHot": false, "imageHot": "", "SlideHotNo": null, "isNew": true, "quantity": 1, "isActive": true}}, {"model": "mainapp.product", "pk": 22, "fields": {"name": "DESIGNED COACH", "description": "Lorem ipsum dolor sit amet, consectetur adipisicing elit. Quia dolorum ex fugit fuga voluptates dolor.", "price": 777, "rating": 1, "alt": "Alt text", "category": 3, "image": "products/product-3-sm.jpg", "isTrendy": true, "isTopSlider": true, "SlideNo": 4, "isHot": false, "imageHot": "", "SlideHotNo": null, "isNew": true, "quantity": 2, "isActive": true}}, {"model": "mainapp.product", "pk": 23, "fields": {"name": "LOFT CHANDELIER", "description": "Lorem ipsum dolor sit amet, consectetur adipisicing elit. Quia dolorum ex fugit fuga voluptates dolor.", "price": 666, "rating": 1, "alt": "Alt text", "category": 3, "image": "products/product-5-sm_2e8XXl0.jpg", "isTrendy": true, "isTopSlider": true, "SlideNo": 5, "isHot": false, "imageHot": "", "SlideHotNo": null, "isNew": true, "quantity": 1, "isActive": true}}, {"model": "mainapp.trendyproduct", "pk": 1, "fields": {"name": "\u041a\u0435\u0440\u0430\u043c\u0438\u0447\u0435\u0441\u043a\u0430\u044f \u043b\u0430\u043c\u043f\u0430", "description": "\u041e\u0442\u043b\u0438\u0447\u043d\u0430\u044f \u043b\u0430\u043c\u043f\u0430 \u0441 \u0438\u043d\u0442\u0435\u0440\u0435\u0441\u043d\u043e\u0439 \u0442\u0435\u043a\u0441\u0442\u0443\u0440\u043e\u0439.", "price": 2313, "rating": 1, "alt": "\u0422\u0435\u043a\u0441\u0442 \u043f\u043e \u0443\u043c\u043e\u043b\u0447\u0430\u043d\u0438\u044e", "category": 2, "image": "Trendy_products/product-11.jpg"}}, {"model": "mainapp.trendyproduct", "pk": 2, "fields": {"name": "\u0412\u0430\u0437\u043e\u0447\u043a\u0430", "description": "\u0410 \u043c\u043e\u0436\u0435\u0442 \u0431\u044b\u0442\u044c \u044d\u0442\u043e \u0441\u043e\u043b\u043e\u043d\u043a\u0430? \u0418\u043b\u0438 \u0447\u0430\u0448\u043a\u0430? \u0410 \u0432\u0434\u0440\u0443\u0433 - \u0446\u0432\u0435\u0442\u043e\u0447\u043d\u044b\u0439 \u0433\u043e\u0440\u0448\u043e\u043a? \u041a\u0430\u0436\u0434\u044b\u0439 \u043d\u0430\u0445\u043e\u0434\u0438\u0442 \u0447\u0442\u043e-\u0442\u043e \u0441\u0432\u043e\u0451...", "price": 1891, "rating": 1, "alt": "\u0422\u0435\u043a\u0441\u0442 \u043f\u043e \u0443\u043c\u043e\u043b\u0447\u0430\u043d\u0438\u044e", "category": 2, "image": "Trendy_products/product-6.jpg"}}, {"model": "mainapp.trendyproduct", "pk": 3, "fields": {"name": "\u0418\u0437\u0433\u0438\u0431\u0438\u0441\u0442\u044b\u0439 \u0441\u0432\u0435\u0442\u0438\u043b\u044c\u043d\u0438\u043a", "description": "\u042d\u0442\u043e\u0442 \u0441\u0432\u0435\u0442\u0438\u043b\u044c\u043d\u0438\u043a \u0431\u0443\u043a\u0432\u0430\u043b\u044c\u043d\u043e \u043c\u0430\u043d\u0438\u0442 \u0441\u0432\u043e\u0438\u043c \u0441\u0432\u0435\u0442\u043e\u043c.", "price": 2149, "rating": 1, "alt": "\u0422\u0435\u043a\u0441\u0442 \u043f\u043e \u0443\u043c\u043e\u043b\u0447\u0430\u043d\u0438\u044e", "category": 1, "image": "Trendy_products/product-31.jpg"}}, {"model": "mainapp.trendyproduct", "pk": 4, "fields": {"name": "\u0421\u0442\u0430\u043b\u044c\u043d\u0430\u044f \u0447\u0435\u0440\u043d\u0430\u044f \u043b\u0430\u043c\u043f\u0430", "description": "\u041d\u0443 \u0438 \u0447\u0442\u043e, \u0447\u0442\u043e \u043e\u043d\u0430 \u0433\u0440\u0435\u0435\u0442\u0441\u044f \u0434\u043e 140 \u0433\u0440\u0430\u0434\u0443\u0441\u043e\u0432? \u0413\u043b\u0430\u0432\u043d\u043e\u0435 - \u0441\u0442\u0438\u043b\u044c.", "price": 1872, "rating": 1, "alt": "\u0422\u0435\u043a\u0441\u0442 \u043f\u043e \u0443\u043c\u043e\u043b\u0447\u0430\u043d\u0438\u044e", "category": 1, "image": "Trendy_products/product-41.jpg"}}, {"model": "mainapp.trendyproduct", "pk": 5, "fields": {"name": "\u0427\u0430\u0448\u0430 \u0434\u043b\u044f \u0447\u0435\u0433\u043e-\u043b\u0438\u0431\u043e", "description": "\u0412 \u043f\u043e\u0434\u0430\u0440\u043e\u043a \u0432\u044b \u043f\u043e\u043b\u0443\u0447\u0430\u0435\u0442\u0435 \u0447\u0442\u043e-\u043b\u0438\u0431\u043e.", "price": 1899, "rating": 1, "alt": "\u0422\u0435\u043a\u0441\u0442 \u043f\u043e \u0443\u043c\u043e\u043b\u0447\u0430\u043d\u0438\u044e", "category": 3, "image": "Trendy_products/product-5.jpg"}}, {"model": "mainapp.trendyproduct", "pk": 6, "fields": {"name": "\u041d\u0435 \u043e\u0447\u0435\u043d\u044c \u043c\u044f\u0433\u043a\u043e\u0435 \u043a\u0440\u0435\u0441\u043b\u043e", "description": "\u041a\u0440\u0430\u0441\u043e\u0442\u0430 \u044d\u0442\u043e\u0433\u043e \u043a\u0440\u0435\u0441\u043b\u0430 \u0442\u0440\u0435\u0431\u0443\u0435\u0442 \u0436\u0435\u0440\u0442\u0432.", "price": 2410, "rating": 1, "alt": "\u0422\u0435\u043a\u0441\u0442 \u043f\u043e \u0443\u043c\u043e\u043b\u0447\u0430\u043d\u0438\u044e", "category": 3, "image": "Trendy_products/product-21.jpg"}}, {"model": "mainapp.contactcard", "pk": 1, "fields": {"name": "ROSTOV", "city": "\u0420\u043e\u0441\u0442\u043e\u0432-\u043d\u0430-\u0414\u043e\u043d\u0443", "phone": "+ 7-999-222-33-44", "email": "mail_rnd@interior.com", "address": "\u0443\u043b. \u041f\u0443\u0448\u043a\u0438\u043d\u0441\u043a\u0430\u044f, \u0434. 100"}}, {"model": "mainapp.contactcard", "pk": 2, "fields": {"name": "SAINT PETERB\u0401RG", "city": "\u0421\u0430\u043d\u043a\u0442-\u041f\u0435\u0442\u0435\u0440\u0431\u0443\u0440\u0433", "phone": "+7-977-444-33-22", "email": "mail_spb@interior.com", "address": "\u043f\u0440. \u041d\u0435\u0432\u0441\u043a\u0438\u0439, \u0434. 100"}}, {"model": "mainapp.contactcard", "pk": 3, "fields": {"name": "MOSCOW", "city": "\u041c\u043e\u0441\u043a\u0432\u0430", "phone": "+7-989-777-22-33", "email": "mail_msc@interior.com", "address": "\u0443\u043b. \u0411\u0430\u0443\u043c\u0430\u043d\u0430, \u0434. 100"}}, {"model": "authapp.shopuser", "pk": 1, "fields": {"password": "pbkdf2_sha256$150000$ETwhEqh9PT0Z$FcQsbjiI3ebZwQbSPxxq2u8H+t8lXVA/Zx7JAdnL6gY=", "last_login": "2019-09-05T11:32:12.224Z", "is_superuser": true, "username": "django", "first_name": "\u043f\u0430\u0432\u0435\u043b", "last_name": "", "email": "django@geekbrains.com", "is_staff": true, "is_active": true, "date_joined": "2019-08-27T21:03:58.844Z", "avatar": "user_avatar/admin_512dp_DBE4whC.png", "age": 22, "activation_key": "", "activation_key_expires": "2019-08-29T21:03:34.029Z", "groups": [], "user_permissions": []}}, {"model": "authapp.shopuser", "pk": 2, "fields": {"password": "pbkdf2_sha256$150000$hU7R5l9ldAuB$uaf2NEf9nDwq5GsPdjywVMG+zn4TliY95jVcrTNRu6o=", "last_login": "2019-08-28T15:22:33.841Z", "is_superuser": false, "username": "New_user_2808", "first_name": "SomeName", "last_name": "", "email": "test@test.com", "is_staff": false, "is_active": true, "date_joined": "2019-08-28T13:51:11.453Z", "avatar": "user_avatar/15660477454270.jpg", "age": 22, "activation_key": "4e5241e23ad27861f9e778ae09579703b0c0bd68", "activation_key_expires": "2019-08-30T13:48:57.760Z", "groups": [], "user_permissions": []}}, {"model": "authapp.shopuser", "pk": 3, "fields": {"password": "!225HnJYCSCd5FBeFHubfLqoWncCqgliCRzOEeLg7", "last_login": "2019-08-29T08:11:18.155Z", "is_superuser": false, "username": "azotas3", "first_name": "Towards", "last_name": "Backwards", "email": "azotas3@gmail.com", "is_staff": false, "is_active": true, "date_joined": "2019-08-28T15:22:50.679Z", "avatar": "", "age": 18, "activation_key": "", "activation_key_expires": "2019-08-30T15:21:01.157Z", "groups": [], "user_permissions": []}}, {"model": "authapp.shopuser", "pk": 4, "fields": {"password": "pbkdf2_sha256$150000$hkrBYBUvs38P$fU2ipz7rA2upst/2y1IKT58vIvQ1sixdzpsYfBZz9+8=", "last_login": null, "is_superuser": false, "username": "Maria", "first_name": "Maria", "last_name": "", "email": "test@test.com", "is_staff": false, "is_active": false, "date_joined": "2019-08-29T08:10:10.770Z", "avatar": "user_avatar/15660477454270.png", "age": 24, "activation_key": "5dee83dd66390ffe358c88c68dc6f0022e648b86", "activation_key_expires": "2019-08-31T08:08:40.273Z", "groups": [], "user_permissions": []}}, {"model": "authapp.shopuser", "pk": 5, "fields": {"password": "!mX8VCqtzOYkLrRl2IgAxxH4ywX6IQyGdxmFaruUn", "last_login": "2019-08-29T09:49:41.238Z", "is_superuser": false, "username": "pintweaks", "first_name": "\u041f\u0430\u0448\u0430", "last_name": "\u041c\u0430\u0440\u0442\u044b\u043d\u043e\u0432", "email": "markans@list.ru", "is_staff": false, "is_active": true, "date_joined": "2019-08-29T09:32:29.378Z", "avatar": "", "age": 18, "activation_key": "", "activation_key_expires": "2019-08-31T09:31:18.616Z", "groups": [], "user_permissions": []}}, {"model": "authapp.shopuserprofile", "pk": 1, "fields": {"user": 1, "tagline": "", "aboutMe": "Some important info", "gender": "M", "bdate": "1992-02-25T00:00:00Z"}}, {"model": "authapp.shopuserprofile", "pk": 2, "fields": {"user": 2, "tagline": "", "aboutMe": "", "gender": "", "bdate": null}}, {"model": "authapp.shopuserprofile", "pk": 3, "fields": {"user": 3, "tagline": "", "aboutMe": "Some info", "gender": "M", "bdate": null}}, {"model": "authapp.shopuserprofile", "pk": 4, "fields": {"user": 4, "tagline": "", "aboutMe": "", "gender": "", "bdate": null}}, {"model": "authapp.shopuserprofile", "pk": 5, "fields": {"user": 5, "tagline": "Tags", "aboutMe": "\u041a\u0440\u0430\u0442\u043a\u0430\u044f \u0438\u043d\u0444\u043e\u0440\u043c\u0430\u0446\u0438\u044f \u043e\u0431\u043e \u043c\u043d\u0435", "gender": "", "bdate": null}}, {"model": "basketapp.basket", "pk": 1, "fields": {"user": 5, "product": 1, "quantity": 2, "add_datetime": "2019-08-29T18:21:51.383Z"}}, {"model": "basketapp.basket", "pk": 27, "fields": {"user": 1, "product": 4, "quantity": 1, "add_datetime": "2019-09-06T12:42:53.842Z"}}, {"model": "basketapp.basket", "pk": 28, "fields": {"user": 1, "product": 14, "quantity": 2, "add_datetime": "2019-09-06T12:42:54.625Z"}}, {"model": "basketapp.basket", "pk": 29, "fields": {"user": 1, "product": 11, "quantity": 1, "add_datetime": "2019-09-07T08:42:38.339Z"}}, {"model": "basketapp.basket", "pk": 31, "fields": {"user": 1, "product": 12, "quantity": 1, "add_datetime": "2019-09-07T08:45:48.587Z"}}, {"model": "basketapp.basket", "pk": 33, "fields": {"user": 1, "product": 1, "quantity": 2, "add_datetime": "2019-09-07T08:45:52.404Z"}}, {"model": "basketapp.basket", "pk": 34, "fields": {"user": 1, "product": 21, "quantity": 2, "add_datetime": "2019-09-07T08:45:53.192Z"}}, {"model": "basketapp.basket", "pk": 35, "fields": {"user": 1, "product": 3, "quantity": 2, "add_datetime": "2019-09-07T08:45:59.615Z"}}, {"model": "social_django.usersocialauth", "pk": 1, "fields": {"user": 3, "provider": "google-oauth2", "uid": "azotas3@gmail.com", "extra_data": "{\"auth_time\": 1567066277, \"expires\": 3600, \"token_type\": \"Bearer\", \"access_token\": \"ya29.GltzB85nFkyPukFdfDB1IXVcashvB2HQhY7dk7eBWCR80TrwaWyH43dNQgZJ5Diq0zWwbCrxkgBFAxNMyQydhqZCUkImNc8Qrr6FFPvQRWiY-8iTRVJXPGY8emZn\"}"}}, {"model": "social_django.usersocialauth", "pk": 2, "fields": {"user": 5, "provider": "vk-oauth2", "uid": "65601451", "extra_data": "{\"auth_time\": 1567072180, \"id\": 65601451, \"expires\": 86399, \"access_token\": \"a5da8ee52cdc522e5c6ae3a6763af8d5fdb54c3abbd0639e958cc4ed27239804c5e35d32c9ba3c7980daa\", \"token_type\": null}"}}, {"model": "ordersapp.order", "pk": 1, "fields": {"user": 1, "created": "2019-08-30T14:30:27.476Z", "updated": "2019-08-30T14:30:36.966Z", "status": "FM", "is_active": true}}, {"model": "ordersapp.order", "pk": 2, "fields": {"user": 1, "created": "2019-08-30T14:30:42.746Z", "updated": "2019-08-30T14:30:42.747Z", "status": "STP", "is_active": true}}, {"model": "ordersapp.order", "pk": 3, "fields": {"user": 1, "created": "2019-08-30T16:28:32.542Z", "updated": "2019-09-05T16:20:23.547Z", "status": "FM", "is_active": false}}, {"model": "ordersapp.order", "pk": 4, "fields": {"user": 1, "created": "2019-08-30T16:28:46.693Z", "updated": "2019-09-05T15:55:19.620Z", "status": "STP", "is_active": true}}, {"model": "ordersapp.order", "pk": 5, "fields": {"user": 1, "created": "2019-09-01T08:53:24.065Z", "updated": "2019-09-01T14:47:14.646Z", "status": "FM", "is_active": false}}, {"model": "ordersapp.order", "pk": 6, "fields": {"user": 1, "created": "2019-09-02T23:51:52.958Z", "updated": "2019-09-02T23:51:59.752Z", "status": "STP", "is_active": true}}, {"model": "ordersapp.order", "pk": 7, "fields": {"user": 1, "created": "2019-09-05T11:33:03.589Z", "updated": "2019-09-05T11:33:03.745Z", "status": "FM", "is_active": true}}, {"model": "ordersapp.order", "pk": 8, "fields": {"user": 1, "created": "2019-09-05T11:33:58.377Z", "updated": "2019-09-05T11:33:58.583Z", "status": "FM", "is_active": true}}, {"model": "ordersapp.order", "pk": 9, "fields": {"user": 1, "created": "2019-09-05T15:58:05.351Z", "updated": "2019-09-05T15:58:31.292Z", "status": "FM", "is_active": true}}, {"model": "ordersapp.order", "pk": 10, "fields": {"user": 1, "created": "2019-09-05T16:20:31.156Z", "updated": "2019-09-05T16:20:31.648Z", "status": "FM", "is_active": false}}, {"model": "ordersapp.order", "pk": 11, "fields": {"user": 1, "created": "2019-09-05T16:22:43.841Z", "updated": "2019-09-05T16:22:44.074Z", "status": "FM", "is_active": true}}, {"model": "ordersapp.order", "pk": 12, "fields": {"user": 1, "created": "2019-09-05T16:23:13.984Z", "updated": "2019-09-05T16:23:48.156Z", "status": "FM", "is_active": false}}, {"model": "ordersapp.order", "pk": 13, "fields": {"user": 1, "created": "2019-09-05T17:22:09.178Z", "updated": "2019-09-05T17:22:09.406Z", "status": "FM", "is_active": true}}, {"model": "ordersapp.order", "pk": 14, "fields": {"user": 1, "created": "2019-09-05T17:22:49.701Z", "updated": "2019-09-05T17:22:49.854Z", "status": "FM", "is_active": true}}, {"model": "ordersapp.order", "pk": 15, "fields": {"user": 1, "created": "2019-09-06T08:41:48.397Z", "updated": "2019-09-06T09:29:47.922Z", "status": "FM", "is_active": true}}, {"model": "ordersapp.orderitem", "pk": 1, "fields": {"order": 3, "product": 4, "quantity": 2}}, {"model": "ordersapp.orderitem", "pk": 2, "fields": {"order": 4, "product": 13, "quantity": 2}}, {"model": "ordersapp.orderitem", "pk": 3, "fields": {"order": 4, "product": 8, "quantity": 2}}, {"model": "ordersapp.orderitem", "pk": 4, "fields": {"order": 5, "product": 19, "quantity": 1}}, {"model": "ordersapp.orderitem", "pk": 5, "fields": {"order": 6, "product": 19, "quantity": 1}}, {"model": "ordersapp.orderitem", "pk": 6, "fields": {"order": 7, "product": 5, "quantity": 3}}, {"model": "ordersapp.orderitem", "pk": 7, "fields": {"order": 8, "product": 5, "quantity": 6}}, {"model": "ordersapp.orderitem", "pk": 8, "fields": {"order": 3, "product": 2, "quantity": 1}}, {"model": "ordersapp.orderitem", "pk": 9, "fields": {"order": 9, "product": 14, "quantity": 1}}, {"model": "ordersapp.orderitem", "pk": 10, "fields": {"order": 10, "product": 2, "quantity": 0}}, {"model": "ordersapp.orderitem", "pk": 11, "fields": {"order": 11, "product": 2, "quantity": 2}}, {"model": "ordersapp.orderitem", "pk": 12, "fields": {"order": 11, "product": 4, "quantity": 2}}, {"model": "ordersapp.orderitem", "pk": 13, "fields": {"order": 12, "product": 4, "quantity": 1}}, {"model": "ordersapp.orderitem", "pk": 14, "fields": {"order": 13, "product": 2, "quantity": 2}}, {"model": "ordersapp.orderitem", "pk": 15, "fields": {"order": 13, "product": 4, "quantity": 2}}, {"model": "ordersapp.orderitem", "pk": 16, "fields": {"order": 14, "product": 4, "quantity": 6}}, {"model": "ordersapp.orderitem", "pk": 17, "fields": {"order": 15, "product": 4, "quantity": 2}}, {"model": "ordersapp.orderitem", "pk": 18, "fields": {"order": 15, "product": 6, "quantity": 2}}, {"model": "admin.logentry", "pk": 1, "fields": {"action_time": "2019-08-27T21:04:27.515Z", "user": 1, "content_type": 6, "object_id": "1", "object_repr": "Steel", "action_flag": 1, "change_message": "[{\"added\": {}}]"}}, {"model": "admin.logentry", "pk": 2, "fields": {"action_time": "2019-08-27T21:04:35.378Z", "user": 1, "content_type": 6, "object_id": "2", "object_repr": "Wooden", "action_flag": 1, "change_message": "[{\"added\": {}}]"}}, {"model": "admin.logentry", "pk": 3, "fields": {"action_time": "2019-08-27T21:04:44.841Z", "user": 1, "content_type": 6, "object_id": "3", "object_repr": "Trendy", "action_flag": 1, "change_message": "[{\"added\": {}}]"}}, {"model": "admin.logentry", "pk": 4, "fields": {"action_time": "2019-08-27T21:06:02.225Z", "user": 1, "content_type": 10, "object_id": "1", "object_repr": "\u0421\u0442\u0430\u043b\u044c\u043d\u043e\u0439 \u0441\u0442\u0435\u043b\u043b\u0430\u0436", "action_flag": 1, "change_message": "[{\"added\": {}}]"}}, {"model": "admin.logentry", "pk": 5, "fields": {"action_time": "2019-08-27T21:06:26.299Z", "user": 1, "content_type": 10, "object_id": "2", "object_repr": "\u0421\u0442\u0430\u043b\u044c\u043d\u043e\u0439 \u043a\u043e\u0444\u0435\u0439\u043d\u044b\u0439 \u0441\u0442\u043e\u043b\u0438\u043a", "action_flag": 1, "change_message": "[{\"added\": {}}]"}}, {"model": "admin.logentry", "pk": 6, "fields": {"action_time": "2019-08-27T21:07:16.722Z", "user": 1, "content_type": 10, "object_id": "2", "object_repr": "\u0421\u0442\u0430\u043b\u044c\u043d\u043e\u0439 \u043a\u043e\u0444\u0435\u0439\u043d\u044b\u0439 \u0441\u0442\u043e\u043b\u0438\u043a", "action_flag": 3, "change_message": ""}}, {"model": "admin.logentry", "pk": 7, "fields": {"action_time": "2019-08-27T21:07:17.029Z", "user": 1, "content_type": 10, "object_id": "1", "object_repr": "\u0421\u0442\u0430\u043b\u044c\u043d\u043e\u0439 \u0441\u0442\u0435\u043b\u043b\u0430\u0436", "action_flag": 3, "change_message": ""}}, {"model": "admin.logentry", "pk": 8, "fields": {"action_time": "2019-08-30T08:35:59.968Z", "user": 1, "content_type": 10, "object_id": "19", "object_repr": "CERAMIC BOWL", "action_flag": 1, "change_message": "[{\"added\": {}}]"}}, {"model": "admin.logentry", "pk": 9, "fields": {"action_time": "2019-08-30T09:28:21.045Z", "user": 1, "content_type": 10, "object_id": "19", "object_repr": "CERAMIC BOWL", "action_flag": 2, "change_message": "[{\"changed\": {\"fields\": [\"SlideNo\"]}}]"}}, {"model": "admin.logentry", "pk": 10, "fields": {"action_time": "2019-08-30T09:31:18.159Z", "user": 1, "content_type": 10, "object_id": "20", "object_repr": "WALL SHADE", "action_flag": 1, "change_message": "[{\"added\": {}}]"}}, {"model": "admin.logentry", "pk": 11, "fields": {"action_time": "2019-08-30T09:31:51.206Z", "user": 1, "content_type": 10, "object_id": "21", "object_repr": "FLOOR LAMP", "action_flag": 1, "change_message": "[{\"added\": {}}]"}}, {"model": "admin.logentry", "pk": 12, "fields": {"action_time": "2019-08-30T09:34:40.592Z", "user": 1, "content_type": 10, "object_id": "22", "object_repr": "DESIGNED COACH", "action_flag": 1, "change_message": "[{\"added\": {}}]"}}, {"model": "admin.logentry", "pk": 13, "fields": {"action_time": "2019-08-30T09:35:06.251Z", "user": 1, "content_type": 10, "object_id": "23", "object_repr": "LOFT CHANDELIER", "action_flag": 1, "change_message": "[{\"added\": {}}]"}}, {"model": "admin.logentry", "pk": 14, "fields": {"action_time": "2019-08-30T09:35:44.913Z", "user": 1, "content_type": 10, "object_id": "20", "object_repr": "WALL SHADE", "action_flag": 2, "change_message": "[{\"changed\": {\"fields\": [\"isTrendy\", \"isTopSlider\"]}}]"}}, {"model": "admin.logentry", "pk": 15, "fields": {"action_time": "2019-08-30T09:35:52.998Z", "user": 1, "content_type": 10, "object_id": "21", "object_repr": "FLOOR LAMP", "action_flag": 2, "change_message": "[{\"changed\": {\"fields\": [\"isTopSlider\"]}}]"}}, {"model": "admin.logentry", "pk": 16, "fields": {"action_time": "2019-08-30T09:35:56.378Z", "user": 1, "content_type": 10, "object_id": "20", "object_repr": "WALL SHADE", "action_flag": 2, "change_message": "[{\"changed\": {\"fields\": [\"isTrendy\"]}}]"}}, {"model": "admin.logentry", "pk": 17, "fields": {"action_time": "2019-08-30T09:36:03.632Z", "user": 1, "content_type": 10, "object_id": "22", "object_repr": "DESIGNED COACH", "action_flag": 2, "change_message": "[{\"changed\": {\"fields\": [\"isTopSlider\"]}}]"}}, {"model": "admin.logentry", "pk": 18, "fields": {"action_time": "2019-08-30T09:36:07.450Z", "user": 1, "content_type": 10, "object_id": "23", "object_repr": "LOFT CHANDELIER", "action_flag": 2, "change_message": "[{\"changed\": {\"fields\": [\"isTopSlider\"]}}]"}}, {"model": "admin.logentry", "pk": 19, "fields": {"action_time": "2019-08-30T09:36:26.103Z", "user": 1, "content_type": 10, "object_id": "23", "object_repr": "LOFT CHANDELIER", "action_flag": 2, "change_message": "[{\"changed\": {\"fields\": [\"SlideNo\"]}}]"}}, {"model": "admin.logentry", "pk": 20, "fields": {"action_time": "2019-08-30T09:36:48.428Z", "user": 1, "content_type": 10, "object_id": "22", "object_repr": "DESIGNED COACH", "action_flag": 2, "change_message": "[{\"changed\": {\"fields\": [\"image\"]}}]"}}, {"model": "admin.logentry", "pk": 21, "fields": {"action_time": "2019-08-30T10:31:13.259Z", "user": 1, "content_type": 10, "object_id": "23", "object_repr": "LOFT CHANDELIER", "action_flag": 2, "change_message": "[{\"changed\": {\"fields\": [\"isNew\"]}}]"}}, {"model": "admin.logentry", "pk": 22, "fields": {"action_time": "2019-08-30T10:31:18.889Z", "user": 1, "content_type": 10, "object_id": "22", "object_repr": "DESIGNED COACH", "action_flag": 2, "change_message": "[{\"changed\": {\"fields\": [\"isNew\"]}}]"}}, {"model": "admin.logentry", "pk": 23, "fields": {"action_time": "2019-08-30T10:31:22.553Z", "user": 1, "content_type": 10, "object_id": "21", "object_repr": "FLOOR LAMP", "action_flag": 2, "change_message": "[{\"changed\": {\"fields\": [\"isNew\"]}}]"}}, {"model": "admin.logentry", "pk": 24, "fields": {"action_time": "2019-08-30T10:31:26.222Z", "user": 1, "content_type": 10, "object_id": "20", "object_repr": "WALL SHADE", "action_flag": 2, "change_message": "[{\"changed\": {\"fields\": [\"isNew\"]}}]"}}, {"model": "admin.logentry", "pk": 25, "fields": {"action_time": "2019-08-30T10:31:30.174Z", "user": 1, "content_type": 10, "object_id": "19", "object_repr": "CERAMIC BOWL", "action_flag": 2, "change_message": "[{\"changed\": {\"fields\": [\"isNew\"]}}]"}}, {"model": "admin.logentry", "pk": 26, "fields": {"action_time": "2019-08-30T10:31:35.481Z", "user": 1, "content_type": 10, "object_id": "18", "object_repr": "\u041a\u043b\u0430\u0441\u0441\u0438\u0447\u0435\u0441\u043a\u0438\u0439 \u0441\u0432\u0435\u0442\u0438\u043b\u044c\u043d\u0438\u043a", "action_flag": 2, "change_message": "[{\"changed\": {\"fields\": [\"isNew\"]}}]"}}, {"model": "admin.logentry", "pk": 27, "fields": {"action_time": "2019-08-30T14:30:27.479Z", "user": 1, "content_type": 20, "object_id": "1", "object_repr": "\u0422\u0435\u043a\u0443\u0449\u0438\u0439 \u0437\u0430\u043a\u0430\u0437: 1", "action_flag": 1, "change_message": "[{\"added\": {}}]"}}, {"model": "admin.logentry", "pk": 28, "fields": {"action_time": "2019-08-30T14:30:36.969Z", "user": 1, "content_type": 20, "object_id": "1", "object_repr": "\u0422\u0435\u043a\u0443\u0449\u0438\u0439 \u0437\u0430\u043a\u0430\u0437: 1", "action_flag": 2, "change_message": "[]"}}, {"model": "admin.logentry", "pk": 29, "fields": {"action_time": "2019-08-30T14:30:42.749Z", "user": 1, "content_type": 20, "object_id": "2", "object_repr": "\u0422\u0435\u043a\u0443\u0449\u0438\u0439 \u0437\u0430\u043a\u0430\u0437: 2", "action_flag": 1, "change_message": "[{\"added\": {}}]"}}, {"model": "admin.logentry", "pk": 30, "fields": {"action_time": "2019-09-03T00:45:49.687Z", "user": 1, "content_type": 10, "object_id": "12", "object_repr": "\u041f\u043e\u0434\u0443\u0448\u043a\u0438 - \u043a\u0440\u0435\u0441\u043b\u0430", "action_flag": 2, "change_message": "[{\"changed\": {\"fields\": [\"isHot\", \"SlideHotNo\"]}}]"}}, {"model": "admin.logentry", "pk": 31, "fields": {"action_time": "2019-09-03T00:49:00.857Z", "user": 1, "content_type": 10, "object_id": "12", "object_repr": "\u041f\u043e\u0434\u0443\u0448\u043a\u0438 - \u043a\u0440\u0435\u0441\u043b\u0430", "action_flag": 2, "change_message": "[{\"changed\": {\"fields\": [\"alt\"]}}]"}}, {"model": "admin.logentry", "pk": 32, "fields": {"action_time": "2019-09-03T00:51:07.163Z", "user": 1, "content_type": 10, "object_id": "7", "object_repr": "\u041a\u043e\u043c\u0444\u043e\u0440\u0442\u043d\u043e\u0435 \u043a\u0440\u0435\u0441\u043b\u043e", "action_flag": 2, "change_message": "[{\"changed\": {\"fields\": [\"isHot\", \"SlideHotNo\"]}}]"}}, {"model": "admin.logentry", "pk": 33, "fields": {"action_time": "2019-09-03T00:51:41.482Z", "user": 1, "content_type": 10, "object_id": "6", "object_repr": "\u0421\u0442\u0430\u043b\u044c\u043d\u043e\u0439 \u0441\u0432\u0435\u0442\u0438\u043b\u044c\u043d\u0438\u043a", "action_flag": 2, "change_message": "[{\"changed\": {\"fields\": [\"isHot\", \"SlideHotNo\"]}}]"}}, {"model": "admin.logentry", "pk": 34, "fields": {"action_time": "2019-09-03T00:51:48.161Z", "user": 1, "content_type": 10, "object_id": "13", "object_repr": "\u0414\u0435\u0440\u0435\u0432\u044f\u043d\u043d\u044b\u0435 \u043f\u043e\u0434\u0441\u0442\u0430\u0432\u043a\u0438", "action_flag": 2, "change_message": "[{\"changed\": {\"fields\": [\"isHot\", \"SlideHotNo\"]}}]"}}, {"model": "admin.logentry", "pk": 35, "fields": {"action_time": "2019-09-03T00:51:57.484Z", "user": 1, "content_type": 10, "object_id": "5", "object_repr": "\u0411\u0443\u0434\u0438\u043b\u044c\u043d\u0438\u043a", "action_flag": 2, "change_message": "[{\"changed\": {\"fields\": [\"isHot\", \"SlideHotNo\"]}}]"}}, {"model": "admin.logentry", "pk": 36, "fields": {"action_time": "2019-09-03T00:54:37.254Z", "user": 1, "content_type": 10, "object_id": "12", "object_repr": "\u041f\u043e\u0434\u0443\u0448\u043a\u0438 - \u043a\u0440\u0435\u0441\u043b\u0430", "action_flag": 2, "change_message": "[{\"changed\": {\"fields\": [\"imageHot\"]}}]"}}, {"model": "admin.logentry", "pk": 37, "fields": {"action_time": "2019-09-03T01:01:16.216Z", "user": 1, "content_type": 10, "object_id": "12", "object_repr": "\u041f\u043e\u0434\u0443\u0448\u043a\u0438 - \u043a\u0440\u0435\u0441\u043b\u0430", "action_flag": 2, "change_message": "[{\"changed\": {\"fields\": [\"imageHot\"]}}]"}}, {"model": "admin.logentry", "pk": 38, "fields": {"action_time": "2019-09-03T01:02:43.904Z", "user": 1, "content_type": 10, "object_id": "5", "object_repr": "\u0411\u0443\u0434\u0438\u043b\u044c\u043d\u0438\u043a", "action_flag": 2, "change_message": "[{\"changed\": {\"fields\": [\"imageHot\"]}}]"}}, {"model": "admin.logentry", "pk": 39, "fields": {"action_time": "2019-09-03T01:02:59.613Z", "user": 1, "content_type": 10, "object_id": "7", "object_repr": "\u041a\u043e\u043c\u0444\u043e\u0440\u0442\u043d\u043e\u0435 \u043a\u0440\u0435\u0441\u043b\u043e", "action_flag": 2, "change_message": "[{\"changed\": {\"fields\": [\"imageHot\"]}}]"}}, {"model": "admin.logentry", "pk": 40, "fields": {"action_time": "2019-09-03T01:03:57.960Z", "user": 1, "content_type": 10, "object_id": "6", "object_repr": "\u0421\u0442\u0430\u043b\u044c\u043d\u043e\u0439 \u0441\u0432\u0435\u0442\u0438\u043b\u044c\u043d\u0438\u043a", "action_flag": 2, "change_message": "[{\"changed\": {\"fields\": [\"imageHot\"]}}]"}}, {"model": "admin.logentry", "pk": 41, "fields": {"action_time": "2019-09-03T01:04:12.121Z", "user": 1, "content_type": 10, "object_id": "7", "object_repr": "\u041a\u043e\u043c\u0444\u043e\u0440\u0442\u043d\u043e\u0435 \u043a\u0440\u0435\u0441\u043b\u043e", "action_flag": 2, "change_message": "[{\"changed\": {\"fields\": [\"imageHot\"]}}]"}}, {"model": "admin.logentry", "pk": 42, "fields": {"action_time": "2019-09-03T01:22:41.512Z", "user": 1, "content_type": 10, "object_id": "13", "object_repr": "\u0414\u0435\u0440\u0435\u0432\u044f\u043d\u043d\u044b\u0435 \u043f\u043e\u0434\u0441\u0442\u0430\u0432\u043a\u0438", "action_flag": 2, "change_message": "[{\"changed\": {\"fields\": [\"imageHot\"]}}]"}}, {"model": "admin.logentry", "pk": 43, "fields": {"action_time": "2019-09-03T01:25:01.300Z", "user": 1, "content_type": 10, "object_id": "5", "object_repr": "\u0411\u0443\u0434\u0438\u043b\u044c\u043d\u0438\u043a", "action_flag": 2, "change_message": "[{\"changed\": {\"fields\": [\"imageHot\"]}}]"}}, {"model": "admin.logentry", "pk": 44, "fields": {"action_time": "2019-09-03T01:25:17.305Z", "user": 1, "content_type": 10, "object_id": "5", "object_repr": "\u0411\u0443\u0434\u0438\u043b\u044c\u043d\u0438\u043a", "action_flag": 2, "change_message": "[{\"changed\": {\"fields\": [\"imageHot\"]}}]"}}]