[{"model": "sessions.session", "pk": "2a3h8ozhl4yjht62v6tgs6smqozfr0do", "fields": {"session_data": "MzAwYWMyYmVlZGFjNjk0YWYyNjU3YTBlOTNiOTYwODQ3NmQ1MmYzNTp7Im5leHQiOiIvIiwiZ29vZ2xlLW9hdXRoMl9zdGF0ZSI6IllPR3VmZ0Fsb2U1WTRFZTFtZUl4OHVLNmEyR2dtMDlPIiwiX2F1dGhfdXNlcl9pZCI6IjMiLCJfYXV0aF91c2VyX2JhY2tlbmQiOiJzb2NpYWxfY29yZS5iYWNrZW5kcy5nb29nbGUuR29vZ2xlT0F1dGgyIiwiX2F1dGhfdXNlcl9oYXNoIjoiNmI5MzcyNzQyYmYwNTU0ZjY2ZDVkYWQwMGFlZTVlOGFmZTExYjA0YSIsInNvY2lhbF9hdXRoX2xhc3RfbG9naW5fYmFja2VuZCI6Imdvb2dsZS1vYXV0aDIifQ==", "expire_date": "2019-09-12T08:11:18.528Z"}}, {"model": "sessions.session", "pk": "ckm41ug27adhoibulj4qet3icnaeo9wf", "fields": {"session_data": "ZjQ5NzYzMjAwNTUyMmZkMDEwNWQ1OTE5MDdkY2U4NmY2ZDRmYjFhNjp7Il9hdXRoX3VzZXJfaWQiOiIxIiwiX2F1dGhfdXNlcl9iYWNrZW5kIjoiZGphbmdvLmNvbnRyaWIuYXV0aC5iYWNrZW5kcy5Nb2RlbEJhY2tlbmQiLCJfYXV0aF91c2VyX2hhc2giOiIzZjZmMDUyOThjMTIxZWVlNzA3NjQ1NWNkMTBjMmQ1MDZlZGQ4Yjk3In0=", "expire_date": "2019-09-10T21:04:04.797Z"}}, {"model": "sessions.session", "pk": "gt384zgbvkl82dzmpnfym08kpxhojvx3", "fields": {"session_data": "ZjQ5NzYzMjAwNTUyMmZkMDEwNWQ1OTE5MDdkY2U4NmY2ZDRmYjFhNjp7Il9hdXRoX3VzZXJfaWQiOiIxIiwiX2F1dGhfdXNlcl9iYWNrZW5kIjoiZGphbmdvLmNvbnRyaWIuYXV0aC5iYWNrZW5kcy5Nb2RlbEJhY2tlbmQiLCJfYXV0aF91c2VyX2hhc2giOiIzZjZmMDUyOThjMTIxZWVlNzA3NjQ1NWNkMTBjMmQ1MDZlZGQ4Yjk3In0=", "expire_date": "2019-09-19T11:32:12.527Z"}}, {"model": "sessions.session", "pk": "o3xht53g72gdcc0cdl9feaj2349o2vj4", "fields": {"session_data": "ZjQ5NzYzMjAwNTUyMmZkMDEwNWQ1OTE5MDdkY2U4NmY2ZDRmYjFhNjp7Il9hdXRoX3VzZXJfaWQiOiIxIiwiX2F1dGhfdXNlcl9iYWNrZW5kIjoiZGphbmdvLmNvbnRyaWIuYXV0aC5iYWNrZW5kcy5Nb2RlbEJhY2tlbmQiLCJfYXV0aF91c2VyX2hhc2giOiIzZjZmMDUyOThjMTIxZWVlNzA3NjQ1NWNkMTBjMmQ1MDZlZGQ4Yjk3In0=", "expire_date": "2019-09-15T08:24:37.796Z"}}, {"model": "sessions.session", "pk": "rj7e9fw682akpnql1qpj79rkgmvst16s", "fields": {"session_data": "ZjQ5NzYzMjAwNTUyMmZkMDEwNWQ1OTE5MDdkY2U4NmY2ZDRmYjFhNjp7Il9hdXRoX3VzZXJfaWQiOiIxIiwiX2F1dGhfdXNlcl9iYWNrZW5kIjoiZGphbmdvLmNvbnRyaWIuYXV0aC5iYWNrZW5kcy5Nb2RlbEJhY2tlbmQiLCJfYXV0aF91c2VyX2hhc2giOiIzZjZmMDUyOThjMTIxZWVlNzA3NjQ1NWNkMTBjMmQ1MDZlZGQ4Yjk3In0=", "expire_date": "2019-09-12T18:46:38.945Z"}}, {"model": "mainapp.category", "pk": 1, "fields": {"name": "Steel", "image": "products/product_s_1.jpg"}}, {"model": "mainapp.category", "pk": 2, "fields": {"name": "Wooden", "image": "products/product_w_1.jpg"}}, {"model": "mainapp.category", "pk": 3, "fields": {"name": "Trendy", "image": "products/product-4.jpg"}}, {"model": "mainapp.product", "pk": 0, "fields": {"name": "\u041a\u043e\u043c\u0444\u043e\u0440\u0442\u043d\u044b\u0439 \u0434\u0438\u0432\u0430\u043d", "description": "\u0421\u0435\u043a\u0432\u043e\u0439\u044f. \u041d\u0430\u0442\u0443\u0440\u0430\u043b\u044c\u043d\u0430\u044f \u043a\u043e\u0436\u0430. \u0412\u044b \u0437\u0430\u0441\u043b\u0443\u0436\u0438\u0432\u0430\u0435\u0442\u0435 \u0435\u0433\u043e", "price": 3899, "rating": 1, "alt": "\u0422\u0435\u043a\u0441\u0442 \u043f\u043e \u0443\u043c\u043e\u043b\u0447\u0430\u043d\u0438\u044e", "category": 3, "image": "products/product_t_4.jpg", "isTrendy": false, "isTopSlider": false, "SlideNo": null, "isHot": false, "imageHot": "", "SlideHotNo": null, "isNew": false, "quantity": 1, "isActive": true}}, {"model": "mainapp.product", "pk": 1, "fields": {"name": "\u0421\u0442\u0430\u043b\u044c\u043d\u043e\u0439 \u0441\u0442\u0435\u043b\u043b\u0430\u0436", "description": "\u041e\u0440\u0438\u0433\u0438\u043d\u0430\u043b\u044c\u043d\u044b\u0439 \u043c\u0438\u043d\u0438\u043c\u0430\u043b\u0438\u0441\u0442\u0438\u0447\u043d\u044b\u0439 \u0441\u0442\u0430\u043b\u044c\u043d\u043e\u0439 \u0441\u0442\u0435\u043b\u043b\u0430\u0436 \u0432 \u0441\u0442\u0438\u043b\u0435 \u043b\u043e\u0444\u0442", "price": 2499, "rating": 1, "alt": "\u0413\u0434\u0435 \u043e\u0442\u043e\u0431\u0440\u0430\u0436\u0430\u0435\u0442\u0441\u044f \u044d\u0442\u043e\u0442 \u0442\u0435\u043a\u0441\u0442?", "category": 1, "image": "products/product_s_1.jpg", "isTrendy": false, "isTopSlider": false, "SlideNo": null, "isHot": false, "imageHot": "", "SlideHotNo": null, "isNew": false, "quantity": 6, "isActive": true}}, {"model": "mainapp.product", "pk": 2, "fields": {"name": "\u0421\u0442\u0430\u043b\u044c\u043d\u043e\u0439 \u043a\u043e\u0444\u0435\u0439\u043d\u044b\u0439 \u0441\u0442\u043e\u043b\u0438\u043a", "description": "\u0421\u0442\u0438\u043b\u044c\u043d\u044b\u0439 \u043a\u043e\u0444\u0435\u0439\u043d\u044b\u0439 \u0441\u0442\u043e\u043b\u0438\u043a, \u0432\u044b\u043f\u043e\u043b\u043d\u0435\u043d\u043d\u044b\u0439 \u0438\u0437 \u043c\u0435\u0442\u0430\u043b\u043b\u0430 \u0432 \u0441\u0442\u0438\u043b\u0435 \u043b\u043e\u0444\u0442", "price": 2259, "rating": 1, "alt": "\u0422\u0435\u043a\u0441\u0442 \u0440\u0438\u0441\u0443\u043d\u043a\u0430", "category": 1, "image": "products/product_s_2.jpg", "isTrendy": false, "isTopSlider": false, "SlideNo": null, "isHot": false, "imageHot": "", "SlideHotNo": null, "isNew": false, "quantity": 3, "isActive": true}}, {"model": "mainapp.product", "pk": 3, "fields": {"name": "\u0421\u0442\u0430\u043b\u044c\u043d\u043e\u0439 \u0431\u0430\u0440\u043d\u044b\u0439 \u0441\u0442\u0443\u043b", "description": "\u0422\u0430\u043a\u043e\u0439 \u0441\u0442\u0443\u043b \u0441\u0442\u0430\u043d\u0435\u0442 \u043e\u0442\u043b\u0438\u0447\u043d\u044b\u043c \u0434\u043e\u043f\u043e\u043b\u043d\u0435\u043d\u0438\u0435\u043c \u043a \u043e\u0440\u0438\u0433\u0438\u043d\u0430\u043b\u044c\u043d\u043e\u043c\u0443 \u0438\u043d\u0442\u0435\u0440\u044c\u0435\u0440\u0443", "price": 1799, "rating": 1, "alt": "\u0422\u0435\u043a\u0441\u0442 \u043f\u043e \u0443\u043c\u043e\u043b\u0447\u0430\u043d\u0438\u044e", "category": 1, "image": "products/product_s_3.jpg", "isTrendy": false, "isTopSlider": false, "SlideNo": null, "isHot": false, "imageHot": "", "SlideHotNo": null, "isNew": false, "quantity": 5, "isActive": true}}, {"model": "mainapp.product", "pk": 4, "fields": {"name": "\u0421\u0442\u0435\u043a\u043b\u044f\u043d\u043d\u044b\u0439 \u0441\u0442\u043e\u043b\u0438\u043a", "description": "\u0421\u0442\u0430\u043b\u044c\u043d\u043e\u0439 \u0441\u0442\u043e\u043b\u0438\u043a \u0441\u043e \u0441\u0442\u0435\u043a\u043b\u044f\u043d\u043d\u043e\u0439 \u0441\u0442\u043e\u043b\u0435\u0448\u043d\u0438\u0446\u0435\u0439 \u043f\u043e\u0437\u0432\u043e\u043b\u0438\u0442 \u0412\u0430\u043c \u0437\u0430\u0432\u0442\u0440\u0430\u043a\u0430\u0442\u044c \u043a\u0440\u0430\u0441\u0438\u0432\u043e", "price": 1899, "rating": 1, "alt": "\u0422\u0435\u043a\u0441\u0442 \u043f\u043e \u0443\u043c\u043e\u043b\u0447\u0430\u043d\u0438\u044e", "category": 1, "image": "products/product_s_4.jpg", "isTrendy": false, "isTopSlider": false, "SlideNo": null, "isHot": false, "imageHot": "", "SlideHotNo": null, "isNew": false, "quantity": 20, "isActive": true}}, {"model": "mainapp.product", "pk": 5, "fields": {"name": "\u0411\u0443\u0434\u0438\u043b\u044c\u043d\u0438\u043a", "description": "\u0414\u043b\u044f \u043f\u0443\u043d\u043a\u0442\u0443\u0430\u043b\u044c\u043d\u044b\u0445 \u0438 \u0440\u0430\u0441\u0447\u0435\u0442\u043b\u0438\u0432\u044b\u0445 \u043b\u044e\u0434\u0435\u0439. \u0412\u044b\u043f\u043e\u043b\u043d\u0435\u043d \u0438\u0437 \u0441\u043f\u043b\u0430\u0432\u0430 \u043d\u0438\u043a\u0435\u043b\u044f \u0438 \u0445\u0440\u043e\u043c\u0430", "price": 899, "rating": 1, "alt": "\u0422\u0435\u043a\u0441\u0442 \u043f\u043e \u0443\u043c\u043e\u043b\u0447\u0430\u043d\u0438\u044e", "category": 1, "image": "products/product_s_5.jpg", "isTrendy": false, "isTopSlider": false, "SlideNo": null, "isHot": true, "imageHot": "products_hot/background_header_Nq0KEGg.jpg", "SlideHotNo": 5, "isNew": false, "quantity": 11, "isActive": true}}, {"model": "mainapp.product", "pk": 6, "fields": {"name": "\u0421\u0442\u0430\u043b\u044c\u043d\u043e\u0439 \u0441\u0432\u0435\u0442\u0438\u043b\u044c\u043d\u0438\u043a", "description": "\u041f\u0440\u0435\u043a\u0440\u0430\u0441\u043d\u044b\u0439 \u0441\u0432\u0435\u0442\u0438\u043b\u044c\u043d\u0438\u043a. \u0412\u044b\u0441\u043e\u0442\u0430 \u0438 \u043d\u0430\u043a\u043b\u043e\u043d \u0440\u0435\u0433\u0443\u043b\u0438\u0440\u0443\u044e\u0442\u0441\u044f, \u0432\u0441\u0442\u0440\u043e\u0435\u043d\u043e 4 \u0440\u0435\u0436\u0438\u043c\u0430 \u043e\u0441\u0432\u0435\u0449\u0435\u043d\u0438\u044f", "price": 2299, "rating": 1, "alt": "\u0422\u0435\u043a\u0441\u0442 \u043f\u043e \u0443\u043c\u043e\u043b\u0447\u0430\u043d\u0438\u044e", "category": 1, "image": "products/product_s_6.jpg", "isTrendy": false, "isTopSlider": false, "SlideNo": null, "isHot": true, "imageHot": "products/background_header_55Odd7X.jpg", "SlideHotNo": 3, "isNew": false, "quantity": 3, "isActive": true}}, {"model": "mainapp.product", "pk": 7, "fields": {"name": "\u041a\u043e\u043c\u0444\u043e\u0440\u0442\u043d\u043e\u0435 \u043a\u0440\u0435\u0441\u043b\u043e", "description": "\u0423\u0434\u043e\u0431\u043d\u0435\u0439\u0448\u0435\u0435 \u043a\u0440\u0435\u0441\u043b\u043e \u043f\u043e\u0437\u0432\u043e\u043b\u0438\u0442 \u0432\u043e\u0438\u0441\u0442\u0438\u043d\u0443 \u0440\u0430\u0441\u0441\u043b\u0430\u0431\u0438\u0442\u044c\u0441\u044f", "price": 2399, "rating": 1, "alt": "\u0422\u0435\u043a\u0441\u0442 \u043f\u043e \u0443\u043c\u043e\u043b\u0447\u0430\u043d\u0438\u044e", "category": 3, "image": "products/product_t_1.jpg", "isTrendy": false, "isTopSlider": false, "SlideNo": null, "isHot": true, "imageHot": "products/slider-hotdeal_UBXn3VX.jpg", "SlideHotNo": 2, "isNew": true, "quantity": 3, "isActive": true}}, {"model": "mainapp.product", "pk": 8, "fields": {"name": "\u041d\u0430\u0431\u043e\u0440 \u0441\u0432\u0435\u0442\u0438\u043b\u044c\u043d\u0438\u043a\u043e\u0432", "description": "\u041e\u0440\u0438\u0433\u0438\u043d\u0430\u043b\u044c\u043d\u044b\u0435 \u0438 \u0441\u0442\u0438\u043b\u044c\u043d\u044b\u0435", "price": 2799, "rating": 1, "alt": "\u0422\u0435\u043a\u0441\u0442 \u043f\u043e \u0443\u043c\u043e\u043b\u0447\u0430\u043d\u0438\u044e", "category": 3, "image": "products/product_t_2.jpg", "isTrendy": false, "isTopSlider": false, "SlideNo": null, "isHot": false, "imageHot": "", "SlideHotNo": null, "isNew": false, "quantity": 2, "isActive": true}}, {"model": "mainapp.product", "pk": 9, "fields": {"name": "\u041a\u0430\u043c\u0435\u043d\u043d\u044b\u0439 \u0441\u0442\u043e\u043b", "description": "\u042d\u0442\u043e\u0442 \u0441\u0442\u043e\u043b \u0441\u043e\u0437\u0434\u0430\u043d \u0434\u043b\u044f \u043d\u0430\u0441\u0442\u043e\u044f\u0449\u0438\u0445 \u043c\u0443\u0436\u0447\u0438\u043d \u0441 \u043f\u043e\u0438\u0441\u0442\u0438\u043d\u0435 \u0442\u0432\u0435\u0440\u0434\u044b\u043c \u0445\u0430\u0440\u0430\u043a\u0442\u0435\u0440\u043e\u043c. \u0421\u0442\u043e\u043b\u0435\u0448\u043d\u0438\u0446\u0430 \u0432\u044b\u043f\u043e\u043b\u043d\u0435\u043d\u0430 \u0438\u0437 \u0446\u0435\u043b\u044c\u043d\u043e\u0433\u043e \u0433\u0440\u0430\u043d\u0438\u0442\u0430 - \u044d\u0442\u043e \u043d\u0435 \u043f\u043e\u0437\u0432\u043e\u043b\u0438\u0442 \u0443\u0441\u043e\u043c\u043d\u0438\u0442\u044c\u0441\u044f \u0432 \u0412\u0430\u0448\u0435\u0439 \u043d\u0435\u043f\u0440\u0435\u043a\u043b\u043e\u043d\u043d\u043e\u0441\u0442\u0438 \u0434\u0430\u0436\u0435 \u043d\u0430 \u0441\u0435\u043a\u0443\u043d\u0434\u0443", "price": 2899, "rating": 1, "alt": "\u0422\u0435\u043a\u0441\u0442 \u043f\u043e \u0443\u043c\u043e\u043b\u0447\u0430\u043d\u0438\u044e", "category": 3, "image": "products/product_t_3.jpg", "isTrendy": false, "isTopSlider": false, "SlideNo": null, "isHot": false, "imageHot": "", "SlideHotNo": null, "isNew": false, "quantity": 1, "isActive": true}}, {"model": "mainapp.product", "pk": 11, "fields": {"name": "\u0421\u0432\u0435\u0442\u0438\u043b\u044c\u043d\u0438\u043a \u043d\u0430 6 \u043b\u0430\u043c\u043f", "description": "\u041c\u0443\u0437\u043e\u0439 \u043f\u0440\u0438 \u0441\u043e\u0437\u0434\u0430\u043d\u0438\u0438 \u044d\u0442\u043e\u0433\u043e \u0441\u0432\u0435\u0442\u0438\u043b\u044c\u043d\u0438\u043a\u0430 \u043f\u043e\u0441\u043b\u0443\u0436\u0438\u043b\u0430 \u043e\u0440\u0445\u0438\u0434\u0435\u044f \u0424\u0430\u043b\u0435\u043d\u043e\u043f\u0441\u0438\u0441 - \u043f\u0440\u0435\u043a\u0440\u0430\u0441\u043d\u0435\u0439\u0448\u0438\u0439 \u0446\u0432\u0435\u0442\u043e\u043a, \u0432\u0434\u043e\u0445\u043d\u043e\u0432\u043b\u044f\u044e\u0449\u0438\u0439 \u0438 \u0447\u0430\u0440\u0443\u044e\u0449\u0438\u0439", "price": 3219, "rating": 1, "alt": "\u0422\u0435\u043a\u0441\u0442 \u043f\u043e \u0443\u043c\u043e\u043b\u0447\u0430\u043d\u0438\u044e", "category": 3, "image": "products/product_t_5.jpg", "isTrendy": false, "isTopSlider": false, "SlideNo": null, "isHot": false, "imageHot": "", "SlideHotNo": null, "isNew": false, "quantity": 2, "isActive": true}}, {"model": "mainapp.product", "pk": 12, "fields": {"name": "\u041f\u043e\u0434\u0443\u0448\u043a\u0438 - \u043a\u0440\u0435\u0441\u043b\u0430", "description": "\u0412\u044f\u0437\u0430\u043d\u044b\u0435 \u0438\u0437 \u0448\u0435\u0440\u0441\u0442\u0438 \u043c\u0435\u0440\u0438\u043d\u043e\u0441\u0430, \u043f\u043e\u0434\u0443\u0448\u043a\u0438-\u043a\u0440\u0435\u0441\u043b\u0430 \u043f\u043e\u0434\u0430\u0440\u044f\u0442 \u0412\u0430\u043c \u043c\u044f\u0433\u043a\u043e\u0441\u0442\u044c \u0438 \u0443\u044e\u0442", "price": 899, "rating": 1, "alt": "\u041f\u043e\u0434\u0443\u0448\u043a\u0438 - \u043a\u0440\u0435\u0441\u043b\u0430", "category": 3, "image": "products/product_t_6.jpg", "isTrendy": false, "isTopSlider": false, "SlideNo": null, "isHot": true, "imageHot": "products/background_header.jpg", "SlideHotNo": 1, "isNew": false, "quantity": 2, "isActive": true}}, {"model": "mainapp.product", "pk": 13, "fields": {"name": "\u0414\u0435\u0440\u0435\u0432\u044f\u043d\u043d\u044b\u0435 \u043f\u043e\u0434\u0441\u0442\u0430\u0432\u043a\u0438", "description": "\u041f\u043e\u0434\u0441\u0442\u0430\u0432\u043a\u0438 \u0434\u043b\u044f \u043f\u043e\u0441\u0443\u0434\u044b \u0432 \u0432\u0438\u0434\u0435 \u043f\u043e\u0434\u0434\u043e\u043d\u043e\u0432", "price": 199, "rating": 1, "alt": "\u0422\u0435\u043a\u0441\u0442 \u043f\u043e \u0443\u043c\u043e\u043b\u0447\u0430\u043d\u0438\u044e", "category": 2, "image": "products/product_w_1.jpg", "isTrendy": false, "isTopSlider": false, "SlideNo": null, "isHot": true, "imageHot": "products/slider-hotdeal_HQjH0gk.jpg", "SlideHotNo": 4, "isNew": false, "quantity": 1, "isActive": true}}, {"model": "mainapp.product", "pk": 14, "fields": {"name": "\u041a\u0430\u0440\u0442\u0438\u043d\u0430 \u043b\u0435\u0441\u043d\u0438\u043a\u0430", "description": "\u041a\u0430\u0440\u0442\u0438\u043d\u0430 \u043d\u0430 \u0434\u0435\u0440\u0435\u0432\u0435, \u0432\u044b\u043f\u043e\u043b\u043d\u0435\u043d\u043d\u0430\u044f \u0432\u044b\u0436\u0438\u0433\u0430\u0442\u0435\u043b\u0435\u043c", "price": 1599, "rating": 1, "alt": "\u0422\u0435\u043a\u0441\u0442 \u043f\u043e \u0443\u043c\u043e\u043b\u0447\u0430\u043d\u0438\u044e", "category": 2, "image": "products/product_w_2.jpg", "isTrendy": false, "isTopSlider": false, "SlideNo": null, "isHot": false, "imageHot": "", "SlideHotNo": null, "isNew": false, "quantity": 3, "isActive": true}}, {"model": "mainapp.product", "pk": 15, "fields": {"name": "\u0414\u0435\u0440\u0435\u0432\u044f\u043d\u043d\u044b\u0435 \u0447\u0430\u0441\u044b", "description": "\u041e\u0441\u0432\u0435\u0436\u0430\u0442 \u0438\u043d\u0442\u0435\u0440\u044c\u0435\u0440", "price": 499, "rating": 1, "alt": "\u0422\u0435\u043a\u0441\u0442 \u043f\u043e \u0443\u043c\u043e\u043b\u0447\u0430\u043d\u0438\u044e", "category": 2, "image": "products/product_w_3.jpg", "isTrendy": false, "isTopSlider": false, "SlideNo": null, "isHot": false, "imageHot": "", "SlideHotNo": null, "isNew": false, "quantity": 2, "isActive": true}}, {"model": "mainapp.product", "pk": 16, "fields": {"name": "\u0421\u0432\u0435\u0442\u0438\u043b\u044c\u043d\u0438\u043a \u043d\u0430 \u0432\u0435\u0442\u0432\u044f\u0445", "description": "\u0414\u0438\u0437\u0430\u0439\u043d\u0435\u0440\u0441\u043a\u0438\u0439 \u0441\u0432\u0435\u0442\u0438\u043b\u044c\u043d\u0438\u043a, \u0441\u0442\u043e\u044f\u0449\u0438\u0439 \u043d\u0430 \u043c\u043e\u043b\u043e\u0434\u044b\u0445 \u0432\u0435\u0442\u0432\u044f\u0445 \u0441\u0430\u043a\u0443\u0440\u044b", "price": 2159, "rating": 1, "alt": "\u0422\u0435\u043a\u0441\u0442 \u043f\u043e \u0443\u043c\u043e\u043b\u0447\u0430\u043d\u0438\u044e", "category": 2, "image": "products/product_w_4.jpg", "isTrendy": false, "isTopSlider": false, "SlideNo": null, "isHot": false, "imageHot": "", "SlideHotNo": null, "isNew": false, "quantity": 2, "isActive": true}}, {"model": "mainapp.product", "pk": 17, "fields": {"name": "\u0414\u0435\u0440\u0435\u0432\u044f\u043d\u043d\u044b\u0439 \u0441\u0442\u0443\u043b", "description": "\u041e\u0447\u0435\u043d\u044c \u043b\u0451\u0433\u043a\u0438\u0439 \u0438 \u0432 \u0442\u043e \u0436\u0435 \u0432\u0440\u0435\u043c\u044f \u043d\u0435\u0432\u0435\u0440\u043e\u044f\u0442\u043d\u043e \u043f\u0440\u043e\u0447\u043d\u044b\u0439", "price": 799, "rating": 1, "alt": "\u0422\u0435\u043a\u0441\u0442 \u043f\u043e \u0443\u043c\u043e\u043b\u0447\u0430\u043d\u0438\u044e", "category": 2, "image": "products/product_w_5.jpg", "isTrendy": false, "isTopSlider": false, "SlideNo": null, "isHot": false, "imageHot": "", "SlideHotNo": null, "isNew": true, "quantity": 2, "isActive": true}}, {"model": "mainapp.product", "pk": 18, "fields": {"name": "\u041a\u043b\u0430\u0441\u0441\u0438\u0447\u0435\u0441\u043a\u0438\u0439 \u0441\u0432\u0435\u0442\u0438\u043b\u044c\u043d\u0438\u043a", "description": "\u041d\u0430\u043f\u043e\u043b\u044c\u043d\u044b\u0439 \u043a\u043b\u0430\u0441\u0441\u0438\u0447\u0435\u0441\u043a\u0438\u0439 \u0441\u0432\u0435\u0442\u0438\u043b\u044c\u043d\u0438\u043a \u0432 \u0441\u0442\u0438\u043b\u0435 \u0431\u0430\u0440\u043e\u043a\u043a\u043e", "price": 1199, "rating": 1, "alt": "\u0422\u0435\u043a\u0441\u0442 \u043f\u043e \u0443\u043c\u043e\u043b\u0447\u0430\u043d\u0438\u044e", "category": 2, "image": "products/product_w_6.jpg", "isTrendy": false, "isTopSlider": false, "SlideNo": null, "isHot": false, "imageHot": "", "SlideHotNo": null, "isNew": true, "quantity": 4, "isActive": true}}, {"model": "mainapp.product", "pk": 19, "fields": {"name": "CERAMIC BOWL", "description": "Lorem ipsum dolor sit amet, consectetur adipisicing elit. Quia dolorum ex fugit fuga voluptates dolor.", "price": 999, "rating": 1, "alt": "\u041c\u0438\u0441\u043a\u0430 \u0441\u043e \u0448\u0442\u0443\u043a\u043e\u0439.", "category": 3, "image": "products/product-5_s.jpg", "isTrendy": true, "isTopSlider": true, "SlideNo": 1, "isHot": false, "imageHot": "", "SlideHotNo": null, "isNew": true, "quantity": 32, "isActive": true}}, {"model": "mainapp.product", "pk": 20, "fields": {"name": "WALL SHADE", "description": "Lorem ipsum dolor sit amet, consectetur adipisicing elit. Quia dolorum ex fugit fuga voluptates dolor.", "price": 1111, "rating": 1, "alt": "Alt text", "category": 3, "image": "products/product-2-sm_IA4hX9f.jpg", "isTrendy": true, "isTopSlider": true, "SlideNo": 2, "isHot": false, "imageHot": "", "SlideHotNo": null, "isNew": true, "quantity": 2, "isActive": true}}, {"model": "mainapp.product", "pk": 21, "fields": {"name": "FLOOR LAMP", "description": "Lorem ipsum dolor sit amet, consectetur adipisicing elit. Quia dolorum ex fugit fuga voluptates dolor.", "price": 888, "rating": 1, "alt": "Alt text", "category": 3, "image": "products/product-1_L5ekEbD.jpg", "isTrendy": true, "isTopSlider": true, "SlideNo": 3, "isHot": false, "imageHot": "", "SlideHotNo": null, "isNew": true, "quantity": 4, "isActive": true}}, {"model": "mainapp.product", "pk": 22, "fields": {"name": "DESIGNED COACH", "description": "Lorem ipsum dolor sit amet, consectetur adipisicing elit. Quia dolorum ex fugit fuga voluptates dolor.", "price": 777, "rating": 1, "alt": "Alt text", "category": 3, "image": "products/product-3-sm.jpg", "isTrendy": true, "isTopSlider": true, "SlideNo": 4, "isHot": false, "imageHot": "", "SlideHotNo": null, "isNew": true, "quantity": 3, "isActive": true}}, {"model": "mainapp.product", "pk": 23, "fields": {"name": "LOFT CHANDELIER", "description": "Lorem ipsum dolor sit amet, consectetur adipisicing elit. Quia dolorum ex fugit fuga voluptates dolor.", "price": 666, "rating": 1, "alt": "Alt text", "category": 3, "image": "products/product-5-sm_2e8XXl0.jpg", "isTrendy": true, "isTopSlider": true, "SlideNo": 5, "isHot": false, "imageHot": "", "SlideHotNo": null, "isNew": true, "quantity": 1, "isActive": true}}, {"model": "mainapp.trendyproduct", "pk": 1, "fields": {"name": "\u041a\u0435\u0440\u0430\u043c\u0438\u0447\u0435\u0441\u043a\u0430\u044f \u043b\u0430\u043c\u043f\u0430", "description": "\u041e\u0442\u043b\u0438\u0447\u043d\u0430\u044f \u043b\u0430\u043c\u043f\u0430 \u0441 \u0438\u043d\u0442\u0435\u0440\u0435\u0441\u043d\u043e\u0439 \u0442\u0435\u043a\u0441\u0442\u0443\u0440\u043e\u0439.", "price": 2313, "rating": 1, "alt": "\u0422\u0435\u043a\u0441\u0442 \u043f\u043e \u0443\u043c\u043e\u043b\u0447\u0430\u043d\u0438\u044e", "category": 2, "image": "Trendy_products/product-11.jpg"}}, {"model": "mainapp.trendyproduct", "pk": 2, "fields": {"name": "\u0412\u0430\u0437\u043e\u0447\u043a\u0430", "description": "\u0410 \u043c\u043e\u0436\u0435\u0442 \u0431\u044b\u0442\u044c \u044d\u0442\u043e \u0441\u043e\u043b\u043e\u043d\u043a\u0430? \u0418\u043b\u0438 \u0447\u0430\u0448\u043a\u0430? \u0410 \u0432\u0434\u0440\u0443\u0433 - \u0446\u0432\u0435\u0442\u043e\u0447\u043d\u044b\u0439 \u0433\u043e\u0440\u0448\u043e\u043a? \u041a\u0430\u0436\u0434\u044b\u0439 \u043d\u0430\u0445\u043e\u0434\u0438\u0442 \u0447\u0442\u043e-\u0442\u043e \u0441\u0432\u043e\u0451...", "price": 1891, "rating": 1, "alt": "\u0422\u0435\u043a\u0441\u0442 \u043f\u043e \u0443\u043c\u043e\u043b\u0447\u0430\u043d\u0438\u044e", "category": 2, "image": "Trendy_products/product-6.jpg"}}, {"model": "mainapp.trendyproduct", "pk": 3, "fields": {"name": "\u0418\u0437\u0433\u0438\u0431\u0438\u0441\u0442\u044b\u0439 \u0441\u0432\u0435\u0442\u0438\u043b\u044c\u043d\u0438\u043a", "description": "\u042d\u0442\u043e\u0442 \u0441\u0432\u0435\u0442\u0438\u043b\u044c\u043d\u0438\u043a \u0431\u0443\u043a\u0432\u0430\u043b\u044c\u043d\u043e \u043c\u0430\u043d\u0438\u0442 \u0441\u0432\u043e\u0438\u043c \u0441\u0432\u0435\u0442\u043e\u043c.", "price": 2149, "rating": 1, "alt": "\u0422\u0435\u043a\u0441\u0442 \u043f\u043e \u0443\u043c\u043e\u043b\u0447\u0430\u043d\u0438\u044e", "category": 1, "image": "Trendy_products/product-31.jpg"}}, {"model": "mainapp.trendyproduct", "pk": 4, "fields": {"name": "\u0421\u0442\u0430\u043b\u044c\u043d\u0430\u044f \u0447\u0435\u0440\u043d\u0430\u044f \u043b\u0430\u043c\u043f\u0430", "description": "\u041d\u0443 \u0438 \u0447\u0442\u043e, \u0447\u0442\u043e \u043e\u043d\u0430 \u0433\u0440\u0435\u0435\u0442\u0441\u044f \u0434\u043e 140 \u0433\u0440\u0430\u0434\u0443\u0441\u043e\u0432? \u0413\u043b\u0430\u0432\u043d\u043e\u0435 - \u0441\u0442\u0438\u043b\u044c.", "price": 1872, "rating": 1, "alt": "\u0422\u0435\u043a\u0441\u0442 \u043f\u043e \u0443\u043c\u043e\u043b\u0447\u0430\u043d\u0438\u044e", "category": 1, "image": "Trendy_products/product-41.jpg"}}, {"model": "mainapp.trendyproduct", "pk": 5, "fields": {"name": "\u0427\u0430\u0448\u0430 \u0434\u043b\u044f \u0447\u0435\u0433\u043e-\u043b\u0438\u0431\u043e", "description": "\u0412 \u043f\u043e\u0434\u0430\u0440\u043e\u043a \u0432\u044b \u043f\u043e\u043b\u0443\u0447\u0430\u0435\u0442\u0435 \u0447\u0442\u043e-\u043b\u0438\u0431\u043e.", "price": 1899, "rating": 1, "alt": "\u0422\u0435\u043a\u0441\u0442 \u043f\u043e \u0443\u043c\u043e\u043b\u0447\u0430\u043d\u0438\u044e", "category": 3, "image": "Trendy_products/product-5.jpg"}}, {"model": "mainapp.trendyproduct", "pk": 6, "fields": {"name": "\u041d\u0435 \u043e\u0447\u0435\u043d\u044c \u043c\u044f\u0433\u043a\u043e\u0435 \u043a\u0440\u0435\u0441\u043b\u043e", "description": "\u041a\u0440\u0430\u0441\u043e\u0442\u0430 \u044d\u0442\u043e\u0433\u043e \u043a\u0440\u0435\u0441\u043b\u0430 \u0442\u0440\u0435\u0431\u0443\u0435\u0442 \u0436\u0435\u0440\u0442\u0432.", "price": 2410, "rating": 1, "alt": "\u0422\u0435\u043a\u0441\u0442 \u043f\u043e \u0443\u043c\u043e\u043b\u0447\u0430\u043d\u0438\u044e", "category": 3, "image": "Trendy_products/product-21.jpg"}}, {"model": "mainapp.contactcard", "pk": 1, "fields": {"name": "ROSTOV", "city": "\u0420\u043e\u0441\u0442\u043e\u0432-\u043d\u0430-\u0414\u043e\u043d\u0443", "phone": "+ 7-999-222-33-44", "email": "mail_rnd@interior.com", "address": "\u0443\u043b. \u041f\u0443\u0448\u043a\u0438\u043d\u0441\u043a\u0430\u044f, \u0434. 100"}}, {"model": "mainapp.contactcard", "pk": 2, "fields": {"name": "SAINT PETERB\u0401RG", "city": "\u0421\u0430\u043d\u043a\u0442-\u041f\u0435\u0442\u0435\u0440\u0431\u0443\u0440\u0433", "phone": "+7-977-444-33-22", "email": "mail_spb@interior.com", "address": "\u043f\u0440. \u041d\u0435\u0432\u0441\u043a\u0438\u0439, \u0434. 100"}}, {"model": "mainapp.contactcard", "pk": 3, "fields": {"name": "MOSCOW", "city": "\u041c\u043e\u0441\u043a\u0432\u0430", "phone": "+7-989-777-22-33", "email": "mail_msc@interior.com", "address": "\u0443\u043b. \u0411\u0430\u0443\u043c\u0430\u043d\u0430, \u0434. 100"}}, {"model": "authapp.shopuser", "pk": 1, "fields": {"password": "pbkdf2_sha256$150000$ETwhEqh9PT0Z$FcQsbjiI3ebZwQbSPxxq2u8H+t8lXVA/Zx7JAdnL6gY=", "last_login": "2019-09-05T11:32:12.224Z", "is_superuser": true, "username": "django", "first_name": "\u043f\u0430\u0432\u0435\u043b", "last_name": "", "email": "django@geekbrains.com", "is_staff": true, "is_active": true, "date_joined": "2019-08-27T21:03:58.844Z", "avatar": "user_avatar/admin_512dp_DBE4whC.png", "age": 22, "activation_key": "", "activation_key_expires": "2019-08-29T21:03:34.029Z", "groups": [], "user_permissions": []}}, {"model": "authapp.shopuserprofile", "pk": 1, "fields": {"user": 1, "tagline": "", "aboutMe": "Some important info", "gender": "M", "bdate": "1992-02-25T00:00:00Z"}}, {"model": "basketapp.basket", "pk": 46, "fields": {"user": 1, "product": 3, "quantity": 1, "add_datetime": "2019-09-14T15:34:00.570Z"}}, {"model": "basketapp.basket", "pk": 47, "fields": {"user": 1, "product": 8, "quantity": 1, "add_datetime": "2019-09-16T09:05:38.596Z"}}, {"model": "basketapp.basket", "pk": 48, "fields": {"user": 1, "product": 2, "quantity": 1, "add_datetime": "2019-09-16T09:05:40.201Z"}}, {"model": "basketapp.basket", "pk": 49, "fields": {"user": 1, "product": 11, "quantity": 1, "add_datetime": "2019-09-16T09:05:41.401Z"}}, {"model": "ordersapp.order", "pk": 1, "fields": {"user": 1, "created": "2019-08-30T14:30:27.476Z", "updated": "2019-08-30T14:30:36.966Z", "status": "FM", "is_active": true}}, {"model": "ordersapp.order", "pk": 2, "fields": {"user": 1, "created": "2019-08-30T14:30:42.746Z", "updated": "2019-08-30T14:30:42.747Z", "status": "STP", "is_active": true}}, {"model": "ordersapp.order", "pk": 3, "fields": {"user": 1, "created": "2019-08-30T16:28:32.542Z", "updated": "2019-09-05T16:20:23.547Z", "status": "FM", "is_active": false}}, {"model": "ordersapp.order", "pk": 4, "fields": {"user": 1, "created": "2019-08-30T16:28:46.693Z", "updated": "2019-09-05T15:55:19.620Z", "status": "STP", "is_active": true}}, {"model": "ordersapp.order", "pk": 5, "fields": {"user": 1, "created": "2019-09-01T08:53:24.065Z", "updated": "2019-09-01T14:47:14.646Z", "status": "FM", "is_active": false}}, {"model": "ordersapp.order", "pk": 6, "fields": {"user": 1, "created": "2019-09-02T23:51:52.958Z", "updated": "2019-09-02T23:51:59.752Z", "status": "STP", "is_active": true}}, {"model": "ordersapp.order", "pk": 7, "fields": {"user": 1, "created": "2019-09-05T11:33:03.589Z", "updated": "2019-09-05T11:33:03.745Z", "status": "FM", "is_active": true}}, {"model": "ordersapp.order", "pk": 8, "fields": {"user": 1, "created": "2019-09-05T11:33:58.377Z", "updated": "2019-09-05T11:33:58.583Z", "status": "FM", "is_active": true}}, {"model": "ordersapp.order", "pk": 9, "fields": {"user": 1, "created": "2019-09-05T15:58:05.351Z", "updated": "2019-09-05T15:58:31.292Z", "status": "FM", "is_active": true}}, {"model": "ordersapp.order", "pk": 10, "fields": {"user": 1, "created": "2019-09-05T16:20:31.156Z", "updated": "2019-09-05T16:20:31.648Z", "status": "FM", "is_active": false}}, {"model": "ordersapp.order", "pk": 11, "fields": {"user": 1, "created": "2019-09-05T16:22:43.841Z", "updated": "2019-09-05T16:22:44.074Z", "status": "FM", "is_active": true}}, {"model": "ordersapp.order", "pk": 12, "fields": {"user": 1, "created": "2019-09-05T16:23:13.984Z", "updated": "2019-09-05T16:23:48.156Z", "status": "FM", "is_active": false}}, {"model": "ordersapp.order", "pk": 13, "fields": {"user": 1, "created": "2019-09-05T17:22:09.178Z", "updated": "2019-09-05T17:22:09.406Z", "status": "FM", "is_active": true}}, {"model": "ordersapp.order", "pk": 14, "fields": {"user": 1, "created": "2019-09-05T17:22:49.701Z", "updated": "2019-09-05T17:22:49.854Z", "status": "FM", "is_active": true}}, {"model": "ordersapp.order", "pk": 15, "fields": {"user": 1, "created": "2019-09-06T08:41:48.397Z", "updated": "2019-09-06T09:29:47.922Z", "status": "FM", "is_active": true}}, {"model": "ordersapp.orderitem", "pk": 1, "fields": {"order": 3, "product": 4, "quantity": 2}}, {"model": "ordersapp.orderitem", "pk": 2, "fields": {"order": 4, "product": 13, "quantity": 2}}, {"model": "ordersapp.orderitem", "pk": 3, "fields": {"order": 4, "product": 8, "quantity": 2}}, {"model": "ordersapp.orderitem", "pk": 4, "fields": {"order": 5, "product": 19, "quantity": 1}}, {"model": "ordersapp.orderitem", "pk": 5, "fields": {"order": 6, "product": 19, "quantity": 1}}, {"model": "ordersapp.orderitem", "pk": 6, "fields": {"order": 7, "product": 5, "quantity": 3}}, {"model": "ordersapp.orderitem", "pk": 7, "fields": {"order": 8, "product": 5, "quantity": 6}}, {"model": "ordersapp.orderitem", "pk": 8, "fields": {"order": 3, "product": 2, "quantity": 1}}, {"model": "ordersapp.orderitem", "pk": 9, "fields": {"order": 9, "product": 14, "quantity": 1}}, {"model": "ordersapp.orderitem", "pk": 10, "fields": {"order": 10, "product": 2, "quantity": 0}}, {"model": "ordersapp.orderitem", "pk": 11, "fields": {"order": 11, "product": 2, "quantity": 2}}, {"model": "ordersapp.orderitem", "pk": 12, "fields": {"order": 11, "product": 4, "quantity": 2}}, {"model": "ordersapp.orderitem", "pk": 13, "fields": {"order": 12, "product": 4, "quantity": 1}}, {"model": "ordersapp.orderitem", "pk": 14, "fields": {"order": 13, "product": 2, "quantity": 2}}, {"model": "ordersapp.orderitem", "pk": 15, "fields": {"order": 13, "product": 4, "quantity": 2}}, {"model": "ordersapp.orderitem", "pk": 16, "fields": {"order": 14, "product": 4, "quantity": 6}}, {"model": "ordersapp.orderitem", "pk": 17, "fields": {"order": 15, "product": 4, "quantity": 2}}, {"model": "ordersapp.orderitem", "pk": 18, "fields": {"order": 15, "product": 6, "quantity": 2}}]